"Gencode Id","Gene Symbol","Variant Id","SNP Id","P-Value","NES","Tissue"
"ENSG00000245848.3","CEBPA","chr19_33355412_T_A_b38","rs7256849","6.1e-17","0.33","Artery - Tibial"
"ENSG00000245848.3","CEBPA","chr19_33357789_C_A_b38","rs78042672","6.1e-17","0.33","Artery - Tibial"
"ENSG00000245848.3","CEBPA","chr19_33359965_A_G_b38","rs6510375","9.4e-17","0.32","Artery - Tibial"
"ENSG00000245848.3","CEBPA","chr19_33360824_G_A_b38","rs999503","2.9e-16","0.32","Artery - Tibial"
"ENSG00000245848.3","CEBPA","chr19_33353067_C_T_b38","rs79126519","3.6e-16","0.32","Artery - Tibial"
"ENSG00000245848.3","CEBPA","chr19_33364346_C_A_b38","rs77339594","4.2e-16","0.32","Artery - Tibial"
"ENSG00000245848.3","CEBPA","chr19_33364935_C_T_b38","rs60463402","5.5e-16","0.32","Artery - Tibial"
"ENSG00000245848.3","CEBPA","chr19_33368683_G_A_b38","rs7255274","7.5e-16","0.32","Artery - Tibial"
"ENSG00000245848.3","CEBPA","chr19_33371389_G_A_b38","rs111977118","7.5e-16","0.32","Artery - Tibial"
"ENSG00000245848.3","CEBPA","chr19_33372148_C_T_b38","rs79661676","7.5e-16","0.32","Artery - Tibial"
"ENSG00000245848.3","CEBPA","chr19_33372480_C_T_b38","rs7250283","7.5e-16","0.32","Artery - Tibial"
"ENSG00000245848.3","CEBPA","chr19_33346159_G_A_b38","rs79167001","1.2e-15","0.31","Artery - Tibial"
"ENSG00000245848.3","CEBPA","chr19_33358652_A_C_b38","rs16967990","1.6e-15","0.31","Artery - Tibial"
"ENSG00000245848.3","CEBPA","chr19_33378269_C_T_b38","rs16968029","4.0e-15","0.31","Artery - Tibial"
"ENSG00000245848.3","CEBPA","chr19_33374417_G_T_b38","rs79824755","8.3e-15","0.30","Artery - Tibial"
"ENSG00000245848.3","CEBPA","chr19_33337168_G_A_b38","rs78889164","9.0e-15","0.31","Artery - Tibial"
"ENSG00000245848.3","CEBPA","chr19_33383448_C_T_b38","rs75826800","1.0e-14","0.31","Artery - Tibial"
"ENSG00000245848.3","CEBPA","chr19_33364467_C_T_b38","rs78134016","2.2e-14","0.29","Artery - Tibial"
"ENSG00000245848.3","CEBPA","chr19_33387006_G_GAAAGT_b38","rs140842","3.6e-14","0.29","Artery - Tibial"
"ENSG00000245848.3","CEBPA","chr19_33387292_A_G_b38","rs1061338","3.6e-14","0.29","Artery - Tibial"
"ENSG00000245848.3","CEBPA","chr19_33335189_T_TG_b38","rs142037733","6.6e-14","0.30","Artery - Tibial"
"ENSG00000245848.3","CEBPA","chr19_33324300_G_C_b38","rs10415737","1.2e-13","-0.28","Muscle - Skeletal"
"ENSG00000245848.3","CEBPA","chr19_33324336_G_A_b38","rs10415770","1.2e-13","-0.28","Muscle - Skeletal"
"ENSG00000245848.3","CEBPA","chr19_33326622_G_GA_b38","rs112167957","1.2e-13","-0.28","Muscle - Skeletal"
"ENSG00000245848.3","CEBPA","chr19_33327479_G_A_b38","rs7251758","1.2e-13","-0.28","Muscle - Skeletal"
"ENSG00000245848.3","CEBPA","chr19_33328149_A_G_b38","rs112432604","1.2e-13","-0.28","Muscle - Skeletal"
"ENSG00000245848.3","CEBPA","chr19_33328331_A_G_b38","rs10421445","1.2e-13","-0.28","Muscle - Skeletal"
"ENSG00000245848.3","CEBPA","chr19_33326227_A_G_b38","rs12608723","2.3e-13","-0.28","Muscle - Skeletal"
"ENSG00000245848.3","CEBPA","chr19_33387931_G_A_b38","rs17570","3.4e-13","0.27","Artery - Tibial"
"ENSG00000245848.3","CEBPA","chr19_33323563_G_A_b38","rs28885440","3.4e-13","-0.27","Muscle - Skeletal"
"ENSG00000245848.3","CEBPA","chr19_33324221_G_A_b38","rs7253713","3.4e-13","-0.27","Muscle - Skeletal"
"ENSG00000245848.3","CEBPA","chr19_33327250_T_C_b38","rs7256107","3.4e-13","-0.27","Muscle - Skeletal"
"ENSG00000245848.3","CEBPA","chr19_33327308_C_G_b38","rs10413354","3.4e-13","-0.27","Muscle - Skeletal"
"ENSG00000245848.3","CEBPA","chr19_33392915_TA_T_b38","rs5827848","3.5e-13","0.27","Artery - Tibial"
"ENSG00000245848.3","CEBPA","chr19_33322870_G_A_b38","rs10402014","6.3e-13","-0.27","Muscle - Skeletal"
"ENSG00000245848.3","CEBPA","chr19_33324495_T_A_b38","rs77366227","7.0e-13","0.29","Artery - Tibial"
"ENSG00000245848.3","CEBPA","chr19_33387133_A_G_b38","rs3556","7.9e-13","0.27","Artery - Tibial"
"ENSG00000245848.3","CEBPA","chr19_33321108_CA_C_b38","rs11308479","9.5e-13","-0.27","Muscle - Skeletal"
"ENSG00000245848.3","CEBPA","chr19_33386617_C_G_b38","rs8111027","1.1e-12","0.27","Artery - Tibial"
"ENSG00000245848.3","CEBPA","chr19_33324579_C_T_b38","rs3848600","1.4e-12","0.28","Artery - Tibial"
"ENSG00000245848.3","CEBPA","chr19_33393229_CCCGGGGT_C_b38","rs536462355","1.5e-12","0.27","Artery - Tibial"
"ENSG00000245848.3","CEBPA","chr19_33389497_T_TC_b38","","2.6e-12","0.26","Artery - Tibial"
"ENSG00000245848.3","CEBPA","chr19_33389094_C_G_b38","rs3786893","3.8e-12","0.26","Artery - Tibial"
"ENSG00000245848.3","CEBPA","chr19_33393435_A_G_b38","rs16968074","4.9e-12","0.25","Artery - Tibial"
"ENSG00000245848.3","CEBPA","chr19_33333992_T_C_b38","rs7247962","7.5e-12","0.27","Artery - Tibial"
"ENSG00000245848.3","CEBPA","chr19_33384487_G_GC_b38","rs77484858","8.6e-12","0.25","Artery - Tibial"
"ENSG00000245848.3","CEBPA","chr19_33384488_G_T_b38","rs79602905","8.6e-12","0.25","Artery - Tibial"
"ENSG00000245848.3","CEBPA","chr19_33358955_C_T_b38","rs10416682","1.4e-11","-0.31","Muscle - Skeletal"
"ENSG00000245848.3","CEBPA","chr19_33355616_A_G_b38","rs1423062","1.5e-11","0.22","Artery - Tibial"
"ENSG00000245848.3","CEBPA","chr19_33393217_C_G_b38","rs111809322","4.4e-11","0.25","Artery - Tibial"
"ENSG00000245848.3","CEBPA","chr19_33362354_C_T_b38","rs56187503","5.4e-11","0.22","Artery - Tibial"
"ENSG00000245848.3","CEBPA","chr19_33333957_TCCAC_T_b38","rs113741367","7.2e-11","-0.42","Muscle - Skeletal"
"ENSG00000245848.3","CEBPA","chr19_33354390_T_C_b38","rs7252446","1.7e-10","0.20","Artery - Tibial"
"ENSG00000245848.3","CEBPA","chr19_33354537_C_T_b38","rs7248901","1.7e-10","0.20","Artery - Tibial"
"ENSG00000245848.3","CEBPA","chr19_33348648_A_G_b38","rs4805033","1.8e-10","0.20","Artery - Tibial"
"ENSG00000245848.3","CEBPA","chr19_33355729_T_C_b38","rs1423063","1.8e-10","0.20","Artery - Tibial"
"ENSG00000245848.3","CEBPA","chr19_33361416_T_C_b38","rs10425856","4.0e-10","-0.29","Muscle - Skeletal"
"ENSG00000245848.3","CEBPA","chr19_33362663_A_G_b38","rs56399002","4.5e-10","0.32","Artery - Tibial"
"ENSG00000245848.3","CEBPA","chr19_33381504_A_G_b38","rs3745968","1.1e-9","0.31","Artery - Tibial"
"ENSG00000245848.3","CEBPA","chr19_33347024_A_AAT_b38","rs55745191","1.3e-9","0.19","Artery - Tibial"
"ENSG00000245848.3","CEBPA","chr19_33346477_AT_A_b38","rs75146786","2.1e-9","0.19","Artery - Tibial"
"ENSG00000245848.3","CEBPA","chr19_33334764_T_G_b38","rs117047468","5.6e-9","-0.40","Muscle - Skeletal"
"ENSG00000245848.3","CEBPA","chr19_33329909_C_A_b38","rs74334153","8.9e-9","-0.37","Muscle - Skeletal"
"ENSG00000245848.3","CEBPA","chr19_33330574_A_G_b38","rs76243478","1.1e-8","-0.40","Muscle - Skeletal"
"ENSG00000245848.3","CEBPA","chr19_33330717_C_T_b38","rs140086796","1.1e-8","-0.40","Muscle - Skeletal"
"ENSG00000245848.3","CEBPA","chr19_33330921_A_G_b38","rs140470768","1.1e-8","-0.40","Muscle - Skeletal"
"ENSG00000245848.3","CEBPA","chr19_33331562_G_A_b38","rs142997057","1.1e-8","-0.40","Muscle - Skeletal"
"ENSG00000245848.3","CEBPA","chr19_33331585_A_G_b38","rs151115814","1.1e-8","-0.40","Muscle - Skeletal"
"ENSG00000245848.3","CEBPA","chr19_33332952_C_T_b38","rs137915523","1.1e-8","-0.40","Muscle - Skeletal"
"ENSG00000245848.3","CEBPA","chr19_33332953_C_T_b38","rs143406390","1.1e-8","-0.40","Muscle - Skeletal"
"ENSG00000245848.3","CEBPA","chr19_33333831_A_T_b38","rs117866287","1.1e-8","-0.40","Muscle - Skeletal"
"ENSG00000245848.3","CEBPA","chr19_33393553_TCAAA_T_b38","","1.6e-8","0.21","Artery - Tibial"
"ENSG00000245848.3","CEBPA","chr19_33326536_G_C_b38","rs75306861","1.9e-8","-0.38","Muscle - Skeletal"
"ENSG00000245848.3","CEBPA","chr19_33325685_T_C_b38","rs116916534","2.2e-8","-0.37","Muscle - Skeletal"
"ENSG00000245848.3","CEBPA","chr19_33321980_T_C_b38","rs74954553","2.5e-8","-0.38","Muscle - Skeletal"
"ENSG00000245848.3","CEBPA","chr19_33322071_G_T_b38","rs78079567","2.5e-8","-0.38","Muscle - Skeletal"
"ENSG00000245848.3","CEBPA","chr19_33323593_A_G_b38","rs76778925","2.5e-8","-0.38","Muscle - Skeletal"
"ENSG00000245848.3","CEBPA","chr19_33325232_T_C_b38","rs75225891","2.5e-8","-0.38","Muscle - Skeletal"
"ENSG00000245848.3","CEBPA","chr19_33325410_T_C_b38","rs77949641","2.5e-8","-0.38","Muscle - Skeletal"
"ENSG00000245848.3","CEBPA","chr19_33326313_A_G_b38","rs79955346","2.5e-8","-0.38","Muscle - Skeletal"
"ENSG00000245848.3","CEBPA","chr19_33328027_G_A_b38","rs145852769","2.5e-8","-0.38","Muscle - Skeletal"
"ENSG00000245848.3","CEBPA","chr19_33328057_T_C_b38","rs117915898","2.5e-8","-0.38","Muscle - Skeletal"
"ENSG00000245848.3","CEBPA","chr19_33329403_C_T_b38","rs77886265","2.5e-8","-0.38","Muscle - Skeletal"
"ENSG00000245848.3","CEBPA","chr19_33359094_A_C_b38","rs8108871","4.4e-8","0.20","Artery - Tibial"
"ENSG00000245848.3","CEBPA","chr19_33339488_G_T_b38","rs76281584","4.7e-8","-0.44","Muscle - Skeletal"
"ENSG00000245848.3","CEBPA","chr19_33359761_T_C_b38","rs1423066","4.9e-8","0.19","Artery - Tibial"
"ENSG00000245848.3","CEBPA","chr19_33360170_G_A_b38","rs8111593","7.7e-8","0.19","Artery - Tibial"
"ENSG00000245848.3","CEBPA","chr19_33337168_G_A_b38","rs78889164","8.4e-8","0.23","Artery - Aorta"
"ENSG00000245848.3","CEBPA","chr19_33339423_A_C_b38","rs75722605","8.6e-8","-0.48","Muscle - Skeletal"
"ENSG00000245848.3","CEBPA","chr19_33340694_T_C_b38","rs78947970","8.6e-8","-0.48","Muscle - Skeletal"
"ENSG00000245848.3","CEBPA","chr19_33341762_T_C_b38","rs74394039","8.6e-8","-0.48","Muscle - Skeletal"
"ENSG00000245848.3","CEBPA","chr19_33344316_A_AT_b38","rs147352182","8.6e-8","-0.48","Muscle - Skeletal"
"ENSG00000245848.3","CEBPA","chr19_33345828_A_G_b38","rs148248710","8.6e-8","-0.48","Muscle - Skeletal"
"ENSG00000245848.3","CEBPA","chr19_33346159_G_A_b38","rs79167001","1.1e-7","0.23","Artery - Aorta"
"ENSG00000245848.3","CEBPA","chr19_33336008_T_C_b38","rs111558790","1.2e-7","-0.43","Muscle - Skeletal"
"ENSG00000245848.3","CEBPA","chr19_33386049_C_T_b38","rs11672697","1.2e-7","0.17","Artery - Tibial"
"ENSG00000245848.3","CEBPA","chr19_33386843_C_T_b38","rs8111294","1.3e-7","0.17","Artery - Tibial"
"ENSG00000245848.3","CEBPA","chr19_33399085_G_A_b38","rs55933941","1.4e-7","0.30","Artery - Tibial"
"ENSG00000245848.3","CEBPA","chr19_33335189_T_TG_b38","rs142037733","1.5e-7","0.22","Artery - Aorta"
"ENSG00000245848.3","CEBPA","chr19_33374012_C_G_b38","rs3745967","1.5e-7","0.18","Artery - Tibial"
"ENSG00000245848.3","CEBPA","chr19_33404074_G_A_b38","rs76690849","2.1e-7","0.29","Artery - Tibial"
"ENSG00000245848.3","CEBPA","chr19_33417811_A_C_b38","rs1005731","2.2e-7","0.19","Artery - Tibial"
"ENSG00000245848.3","CEBPA","chr19_33363630_T_C_b38","rs75396907","2.2e-7","0.29","Artery - Tibial"
"ENSG00000245848.3","CEBPA","chr19_33364935_C_T_b38","rs60463402","3.0e-7","0.22","Artery - Aorta"
"ENSG00000245848.3","CEBPA","chr19_33365510_T_C_b38","rs1559191","3.1e-7","0.17","Artery - Tibial"
"ENSG00000245848.3","CEBPA","chr19_33368683_G_A_b38","rs7255274","3.2e-7","0.22","Artery - Aorta"
"ENSG00000245848.3","CEBPA","chr19_33371389_G_A_b38","rs111977118","3.2e-7","0.22","Artery - Aorta"
"ENSG00000245848.3","CEBPA","chr19_33372148_C_T_b38","rs79661676","3.2e-7","0.22","Artery - Aorta"
"ENSG00000245848.3","CEBPA","chr19_33372480_C_T_b38","rs7250283","3.2e-7","0.22","Artery - Aorta"
"ENSG00000245848.3","CEBPA","chr19_33334780_C_T_b38","rs111229823","3.7e-7","0.29","Artery - Tibial"
"ENSG00000245848.3","CEBPA","chr19_33358215_G_C_b38","rs6510374","3.8e-7","0.16","Artery - Tibial"
"ENSG00000245848.3","CEBPA","chr19_33356029_T_C_b38","rs10427115","4.0e-7","0.16","Artery - Tibial"
"ENSG00000245848.3","CEBPA","chr19_33320917_T_C_b38","rs10451465","4.2e-7","-0.31","Muscle - Skeletal"
"ENSG00000245848.3","CEBPA","chr19_33348730_T_C_b38","rs111332473","4.4e-7","-0.44","Muscle - Skeletal"
"ENSG00000245848.3","CEBPA","chr19_33341379_C_G_b38","rs10445598","4.9e-7","0.16","Artery - Tibial"
"ENSG00000245848.3","CEBPA","chr19_33374417_G_T_b38","rs79824755","5.0e-7","0.21","Artery - Aorta"
"ENSG00000245848.3","CEBPA","chr19_33349986_G_A_b38","rs75720353","5.1e-7","-0.47","Muscle - Skeletal"
"ENSG00000245848.3","CEBPA","chr19_33393077_A_AC_b38","","5.1e-7","0.28","Artery - Tibial"
"ENSG00000245848.3","CEBPA","chr19_33417811_A_C_b38","rs1005731","5.6e-7","0.19","Artery - Aorta"
"ENSG00000245848.3","CEBPA","chr19_33353147_A_G_b38","rs28376499","5.6e-7","0.16","Artery - Tibial"
"ENSG00000245848.3","CEBPA","chr19_33359254_A_C_b38","rs8109008","5.7e-7","0.16","Artery - Tibial"
"ENSG00000245848.3","CEBPA","chr19_33353067_C_T_b38","rs79126519","5.8e-7","0.21","Artery - Aorta"
"ENSG00000245848.3","CEBPA","chr19_33338501_A_G_b38","rs139667046","7.3e-7","-0.46","Muscle - Skeletal"
"ENSG00000245848.3","CEBPA","chr19_33339007_C_T_b38","rs117388066","7.3e-7","-0.46","Muscle - Skeletal"
"ENSG00000245848.3","CEBPA","chr19_33340054_C_A_b38","rs147711351","7.3e-7","-0.46","Muscle - Skeletal"
"ENSG00000245848.3","CEBPA","chr19_33340477_A_G_b38","rs78547788","7.3e-7","-0.46","Muscle - Skeletal"
"ENSG00000245848.3","CEBPA","chr19_33340821_T_C_b38","rs145610283","7.3e-7","-0.46","Muscle - Skeletal"
"ENSG00000245848.3","CEBPA","chr19_33341806_A_C_b38","rs79322253","7.3e-7","-0.46","Muscle - Skeletal"
"ENSG00000245848.3","CEBPA","chr19_33344043_G_C_b38","rs77303169","7.3e-7","-0.46","Muscle - Skeletal"
"ENSG00000245848.3","CEBPA","chr19_33344187_A_AAAC_b38","rs142714919","7.3e-7","-0.46","Muscle - Skeletal"
"ENSG00000245848.3","CEBPA","chr19_33344893_G_T_b38","rs75980988","7.3e-7","-0.46","Muscle - Skeletal"
"ENSG00000245848.3","CEBPA","chr19_33345152_T_C_b38","rs78451919","7.3e-7","-0.46","Muscle - Skeletal"
"ENSG00000245848.3","CEBPA","chr19_33345244_G_A_b38","rs145511475","7.3e-7","-0.46","Muscle - Skeletal"
"ENSG00000245848.3","CEBPA","chr19_33345312_T_C_b38","rs78549646","7.3e-7","-0.46","Muscle - Skeletal"
"ENSG00000245848.3","CEBPA","chr19_33345694_G_C_b38","rs79818729","7.3e-7","-0.46","Muscle - Skeletal"
"ENSG00000245848.3","CEBPA","chr19_33345823_T_C_b38","rs144834788","7.3e-7","-0.46","Muscle - Skeletal"
"ENSG00000245848.3","CEBPA","chr19_33346081_G_A_b38","rs140285623","7.3e-7","-0.46","Muscle - Skeletal"
"ENSG00000245848.3","CEBPA","chr19_33347041_A_G_b38","rs75782775","7.3e-7","-0.46","Muscle - Skeletal"
"ENSG00000245848.3","CEBPA","chr19_33347250_G_A_b38","rs79620138","7.3e-7","-0.46","Muscle - Skeletal"
"ENSG00000245848.3","CEBPA","chr19_33347606_C_T_b38","rs75753890","7.3e-7","-0.46","Muscle - Skeletal"
"ENSG00000245848.3","CEBPA","chr19_33367561_T_G_b38","rs2081060","7.7e-7","0.16","Artery - Tibial"
"ENSG00000245848.3","CEBPA","chr19_33364346_C_A_b38","rs77339594","7.8e-7","0.21","Artery - Aorta"
"ENSG00000245848.3","CEBPA","chr19_33355412_T_A_b38","rs7256849","8.2e-7","0.21","Artery - Aorta"
"ENSG00000245848.3","CEBPA","chr19_33357789_C_A_b38","rs78042672","8.2e-7","0.21","Artery - Aorta"
"ENSG00000245848.3","CEBPA","chr19_33360824_G_A_b38","rs999503","8.3e-7","0.21","Artery - Aorta"
"ENSG00000245848.3","CEBPA","chr19_33359005_C_T_b38","rs4805873","8.4e-7","0.16","Artery - Tibial"
"ENSG00000245848.3","CEBPA","chr19_33355276_A_G_b38","rs147641291","9.2e-7","-0.44","Muscle - Skeletal"
"ENSG00000245848.3","CEBPA","chr19_33356993_C_A_b38","rs143843839","9.2e-7","-0.44","Muscle - Skeletal"
"ENSG00000245848.3","CEBPA","chr19_33348182_A_G_b38","rs117178450","9.2e-7","-0.45","Muscle - Skeletal"
"ENSG00000245848.3","CEBPA","chr19_33348241_A_G_b38","rs76179185","9.2e-7","-0.45","Muscle - Skeletal"
"ENSG00000245848.3","CEBPA","chr19_33348477_T_G_b38","rs79856191","9.2e-7","-0.45","Muscle - Skeletal"
"ENSG00000245848.3","CEBPA","chr19_33348861_G_A_b38","rs141652382","9.2e-7","-0.45","Muscle - Skeletal"
"ENSG00000245848.3","CEBPA","chr19_33349193_C_T_b38","rs79370135","9.2e-7","-0.45","Muscle - Skeletal"
"ENSG00000245848.3","CEBPA","chr19_33349275_C_CT_b38","","9.2e-7","-0.45","Muscle - Skeletal"
"ENSG00000245848.3","CEBPA","chr19_33349562_T_C_b38","rs117363524","9.2e-7","-0.45","Muscle - Skeletal"
"ENSG00000245848.3","CEBPA","chr19_33349899_A_T_b38","rs75605440","9.2e-7","-0.45","Muscle - Skeletal"
"ENSG00000245848.3","CEBPA","chr19_33350238_A_G_b38","rs117735171","9.2e-7","-0.45","Muscle - Skeletal"
"ENSG00000245848.3","CEBPA","chr19_33350397_A_G_b38","rs79759480","9.2e-7","-0.45","Muscle - Skeletal"
"ENSG00000245848.3","CEBPA","chr19_33350456_A_G_b38","rs117434883","9.2e-7","-0.45","Muscle - Skeletal"
"ENSG00000245848.3","CEBPA","chr19_33350538_A_G_b38","rs75655742","9.2e-7","-0.45","Muscle - Skeletal"
"ENSG00000245848.3","CEBPA","chr19_33351114_CA_C_b38","rs201635950","9.2e-7","-0.45","Muscle - Skeletal"
"ENSG00000245848.3","CEBPA","chr19_33351268_G_T_b38","rs76058119","9.2e-7","-0.45","Muscle - Skeletal"
"ENSG00000245848.3","CEBPA","chr19_33351463_AGTGTGTGCCCCCTACTCT_A_b38","rs200127518","9.2e-7","-0.45","Muscle - Skeletal"
"ENSG00000245848.3","CEBPA","chr19_33351623_T_C_b38","rs116880403","9.2e-7","-0.45","Muscle - Skeletal"
"ENSG00000245848.3","CEBPA","chr19_33352097_C_T_b38","rs75736738","9.2e-7","-0.45","Muscle - Skeletal"
"ENSG00000245848.3","CEBPA","chr19_33352222_A_G_b38","rs77093866","9.2e-7","-0.45","Muscle - Skeletal"
"ENSG00000245848.3","CEBPA","chr19_33352543_C_T_b38","rs143245828","9.2e-7","-0.45","Muscle - Skeletal"
"ENSG00000245848.3","CEBPA","chr19_33352896_A_G_b38","rs116197344","9.2e-7","-0.45","Muscle - Skeletal"
"ENSG00000245848.3","CEBPA","chr19_33353555_G_A_b38","rs117247228","9.2e-7","-0.45","Muscle - Skeletal"
"ENSG00000245848.3","CEBPA","chr19_33353682_C_T_b38","rs77296940","9.2e-7","-0.45","Muscle - Skeletal"
"ENSG00000245848.3","CEBPA","chr19_33353826_G_A_b38","rs117860093","9.2e-7","-0.45","Muscle - Skeletal"
"ENSG00000245848.3","CEBPA","chr19_33353843_G_T_b38","rs77406266","9.2e-7","-0.45","Muscle - Skeletal"
"ENSG00000245848.3","CEBPA","chr19_33354043_G_A_b38","rs149261778","9.2e-7","-0.45","Muscle - Skeletal"
"ENSG00000245848.3","CEBPA","chr19_33354738_A_G_b38","rs75110196","9.2e-7","-0.45","Muscle - Skeletal"
"ENSG00000245848.3","CEBPA","chr19_33354823_C_T_b38","rs117527372","9.2e-7","-0.45","Muscle - Skeletal"
"ENSG00000245848.3","CEBPA","chr19_33355240_T_G_b38","rs117668858","9.2e-7","-0.45","Muscle - Skeletal"
"ENSG00000245848.3","CEBPA","chr19_33356012_G_C_b38","rs144393863","9.2e-7","-0.45","Muscle - Skeletal"
"ENSG00000245848.3","CEBPA","chr19_33356019_A_AT_b38","","9.2e-7","-0.45","Muscle - Skeletal"
"ENSG00000245848.3","CEBPA","chr19_33356032_C_T_b38","rs117790352","9.2e-7","-0.45","Muscle - Skeletal"
"ENSG00000245848.3","CEBPA","chr19_33356110_T_C_b38","rs117197895","9.2e-7","-0.45","Muscle - Skeletal"
"ENSG00000245848.3","CEBPA","chr19_33356294_G_A_b38","rs79782399","9.2e-7","-0.45","Muscle - Skeletal"
"ENSG00000245848.3","CEBPA","chr19_33356315_A_C_b38","rs116898102","9.2e-7","-0.45","Muscle - Skeletal"
"ENSG00000245848.3","CEBPA","chr19_33356376_C_T_b38","rs78070896","9.2e-7","-0.45","Muscle - Skeletal"
"ENSG00000245848.3","CEBPA","chr19_33356394_G_A_b38","rs76169044","9.2e-7","-0.45","Muscle - Skeletal"
"ENSG00000245848.3","CEBPA","chr19_33356448_C_T_b38","rs78458347","9.2e-7","-0.45","Muscle - Skeletal"
"ENSG00000245848.3","CEBPA","chr19_33356479_TTAG_T_b38","rs147101290","9.2e-7","-0.45","Muscle - Skeletal"
"ENSG00000245848.3","CEBPA","chr19_33357095_G_T_b38","rs117875462","9.2e-7","-0.45","Muscle - Skeletal"
"ENSG00000245848.3","CEBPA","chr19_33357117_G_T_b38","rs76462498","9.2e-7","-0.45","Muscle - Skeletal"
"ENSG00000245848.3","CEBPA","chr19_33335850_C_G_b38","rs145425997","9.7e-7","-0.46","Muscle - Skeletal"
"ENSG00000245848.3","CEBPA","chr19_33391746_A_G_b38","rs2241382","9.8e-7","0.16","Artery - Tibial"
"ENSG00000245848.3","CEBPA","chr19_33383448_C_T_b38","rs75826800","0.0000010","0.21","Artery - Aorta"
"ENSG00000245848.3","CEBPA","chr19_33357871_T_C_b38","rs16967984","0.0000010","0.16","Artery - Tibial"
"ENSG00000245848.3","CEBPA","chr19_33335250_C_CT_b38","rs113511694","0.0000011","-0.40","Muscle - Skeletal"
"ENSG00000245848.3","CEBPA","chr19_33335473_G_T_b38","rs113965199","0.0000011","-0.40","Muscle - Skeletal"
"ENSG00000245848.3","CEBPA","chr19_33336842_A_G_b38","rs112420072","0.0000011","-0.40","Muscle - Skeletal"
"ENSG00000245848.3","CEBPA","chr19_33365285_A_G_b38","rs1559189","0.0000011","0.16","Artery - Tibial"
"ENSG00000245848.3","CEBPA","chr19_33365382_C_T_b38","rs1559190","0.0000011","0.16","Artery - Tibial"
"ENSG00000245848.3","CEBPA","chr19_33352795_G_A_b38","rs141577016","0.0000011","-0.44","Muscle - Skeletal"
"ENSG00000245848.3","CEBPA","chr19_33370820_T_C_b38","rs1966492","0.0000011","0.16","Artery - Tibial"
"ENSG00000245848.3","CEBPA","chr19_33366159_G_A_b38","rs8100315","0.0000012","0.16","Artery - Tibial"
"ENSG00000245848.3","CEBPA","chr19_33366492_T_G_b38","rs4805874","0.0000012","0.16","Artery - Tibial"
"ENSG00000245848.3","CEBPA","chr19_33392134_G_T_b38","rs10775578","0.0000012","0.16","Artery - Tibial"
"ENSG00000245848.3","CEBPA","chr19_33357906_T_G_b38","rs7253789","0.0000012","0.15","Artery - Tibial"
"ENSG00000245848.3","CEBPA","chr19_33378269_C_T_b38","rs16968029","0.0000012","0.21","Artery - Aorta"
"ENSG00000245848.3","CEBPA","chr19_33328338_T_C_b38","rs10426997","0.0000013","-0.22","Muscle - Skeletal"
"ENSG00000245848.3","CEBPA","chr19_33358652_A_C_b38","rs16967990","0.0000015","0.20","Artery - Aorta"
"ENSG00000245848.3","CEBPA","chr19_33323873_ACT_A_b38","rs139475866","0.0000016","0.26","Artery - Tibial"
"ENSG00000245848.3","CEBPA","chr19_33392291_G_C_b38","rs10775579","0.0000016","0.16","Artery - Tibial"
"ENSG00000245848.3","CEBPA","chr19_33327986_A_C_b38","rs8110411","0.0000017","0.15","Artery - Tibial"
"ENSG00000245848.3","CEBPA","chr19_33393198_G_A_b38","rs118005033","0.0000018","0.27","Artery - Tibial"
"ENSG00000245848.3","CEBPA","chr19_33373470_C_T_b38","rs112101566","0.0000019","0.27","Artery - Tibial"
"ENSG00000245848.3","CEBPA","chr19_33323488_A_G_b38","rs10411163","0.0000020","-0.15","Muscle - Skeletal"
"ENSG00000245848.3","CEBPA","chr19_33322595_C_T_b38","rs10403076","0.0000023","-0.22","Muscle - Skeletal"
"ENSG00000245848.3","CEBPA","chr19_33330342_T_G_b38","rs7253865","0.0000023","-0.15","Muscle - Skeletal"
"ENSG00000245848.3","CEBPA","chr19_33322664_C_T_b38","rs10403125","0.0000024","-0.21","Muscle - Skeletal"
"ENSG00000245848.3","CEBPA","chr19_33333992_T_C_b38","rs7247962","0.0000025","0.20","Artery - Aorta"
"ENSG00000245848.3","CEBPA","chr19_33325591_T_C_b38","rs60656848","0.0000026","-0.22","Muscle - Skeletal"
"ENSG00000245848.3","CEBPA","chr19_33427881_T_C_b38","rs6510383","0.0000026","0.19","Artery - Tibial"
"ENSG00000245848.3","CEBPA","chr19_33323649_ATAT_A_b38","rs113811498","0.0000028","-0.22","Muscle - Skeletal"
"ENSG00000245848.3","CEBPA","chr19_33323787_T_C_b38","rs7254869","0.0000028","-0.22","Muscle - Skeletal"
"ENSG00000245848.3","CEBPA","chr19_33327226_G_C_b38","rs7251395","0.0000028","-0.22","Muscle - Skeletal"
"ENSG00000245848.3","CEBPA","chr19_33324495_T_A_b38","rs77366227","0.0000029","0.20","Artery - Aorta"
"ENSG00000245848.3","CEBPA","chr19_33356997_G_GA_b38","","0.0000029","-0.44","Muscle - Skeletal"
"ENSG00000245848.3","CEBPA","chr19_33359965_A_G_b38","rs6510375","0.0000031","0.20","Artery - Aorta"
"ENSG00000245848.3","CEBPA","chr19_33324579_C_T_b38","rs3848600","0.0000034","0.20","Artery - Aorta"
"ENSG00000245848.3","CEBPA","chr19_33359332_C_G_b38","rs75972796","0.0000035","-0.43","Muscle - Skeletal"
"ENSG00000245848.3","CEBPA","chr19_33359737_G_A_b38","rs78427527","0.0000035","-0.43","Muscle - Skeletal"
"ENSG00000245848.3","CEBPA","chr19_33361109_G_A_b38","rs117410649","0.0000035","-0.43","Muscle - Skeletal"
"ENSG00000245848.3","CEBPA","chr19_33364496_C_G_b38","rs74366384","0.0000035","-0.43","Muscle - Skeletal"
"ENSG00000245848.3","CEBPA","chr19_33373354_G_A_b38","rs147791730","0.0000035","-0.43","Muscle - Skeletal"
"ENSG00000245848.3","CEBPA","chr19_33373412_G_C_b38","rs76847971","0.0000035","-0.43","Muscle - Skeletal"
"ENSG00000245848.3","CEBPA","chr19_33373636_G_C_b38","rs137874350","0.0000035","-0.43","Muscle - Skeletal"
"ENSG00000245848.3","CEBPA","chr19_33293751_T_C_b38","rs73024215","0.0000036","-0.16","Whole Blood"
"ENSG00000245848.3","CEBPA","chr19_33365794_C_T_b38","rs118041133","0.0000038","0.50","Artery - Tibial"
"ENSG00000245848.3","CEBPA","chr19_33835160_AC_A_b38","rs199562817","0.0000038","0.65","Small Intestine - Terminal Ileum"
"ENSG00000245848.3","CEBPA","chr19_33355210_C_T_b38","rs117320666","0.0000039","-0.42","Muscle - Skeletal"
"ENSG00000245848.3","CEBPA","chr19_33392342_C_T_b38","rs10853926","0.0000039","0.21","Artery - Tibial"
"ENSG00000245848.3","CEBPA","chr19_33323488_A_G_b38","rs10411163","0.0000040","-0.27","Brain - Cerebellar Hemisphere"
"ENSG00000245848.3","CEBPA","chr19_33396254_A_C_b38","rs7247349","0.0000040","0.15","Artery - Tibial"
"ENSG00000245848.3","CEBPA","chr19_33384487_G_GC_b38","rs77484858","0.0000046","0.19","Artery - Aorta"
"ENSG00000245848.3","CEBPA","chr19_33384488_G_T_b38","rs79602905","0.0000046","0.19","Artery - Aorta"
"ENSG00000245848.3","CEBPA","chr19_33392971_G_A_b38","rs4594366","0.0000047","0.21","Artery - Tibial"
"ENSG00000245848.3","CEBPA","chr19_33395787_T_C_b38","rs76738287","0.0000054","0.28","Artery - Tibial"
"ENSG00000245848.3","CEBPA","chr19_33364467_C_T_b38","rs78134016","0.0000057","0.18","Artery - Aorta"
"ENSG00000245848.3","CEBPA","chr19_33320161_T_A_b38","rs60572033","0.0000057","-0.31","Muscle - Skeletal"
"ENSG00000245848.3","CEBPA","chr19_33384548_G_A_b38","rs73584374","0.0000057","0.23","Artery - Tibial"
"ENSG00000245848.3","CEBPA","chr19_33391552_T_C_b38","rs16968070","0.0000060","0.20","Artery - Tibial"
"ENSG00000245848.3","CEBPA","chr19_33415290_TG_T_b38","rs138782247","0.0000063","0.26","Artery - Tibial"
"ENSG00000245848.3","CEBPA","chr19_33386607_T_C_b38","rs8100408","0.0000065","0.21","Artery - Tibial"
"ENSG00000245848.3","CEBPA","chr19_33367018_C_G_b38","rs62125161","0.0000067","0.14","Artery - Tibial"
"ENSG00000245848.3","CEBPA","chr19_33367307_G_C_b38","rs736682","0.0000067","0.14","Artery - Tibial"
"ENSG00000245848.3","CEBPA","chr19_33366228_C_T_b38","rs11881085","0.0000069","0.14","Artery - Tibial"
"ENSG00000245848.3","CEBPA","chr19_33366791_C_T_b38","rs62128268","0.0000069","0.14","Artery - Tibial"
"ENSG00000245848.3","CEBPA","chr19_33393229_CCCGGGGT_C_b38","rs536462355","0.0000070","0.18","Artery - Aorta"
"ENSG00000245848.3","CEBPA","chr19_33367010_C_T_b38","rs62125160","0.0000073","0.14","Artery - Tibial"
"ENSG00000245848.3","CEBPA","chr19_33366064_G_T_b38","rs6510376","0.0000075","0.14","Artery - Tibial"
"ENSG00000245848.3","CEBPA","chr19_33366156_G_T_b38","rs8100313","0.0000075","0.14","Artery - Tibial"
"ENSG00000245848.3","CEBPA","chr19_33330342_T_G_b38","rs7253865","0.0000078","-0.26","Brain - Cerebellar Hemisphere"
"ENSG00000245848.3","CEBPA","chr19_32985463_C_T_b38","rs117079995","0.0000081","0.82","Cells - EBV-transformed lymphocytes"
"ENSG00000245848.3","CEBPA","chr19_33389094_C_G_b38","rs3786893","0.0000084","0.19","Artery - Aorta"
"ENSG00000245848.3","CEBPA","chr19_33392025_A_T_b38","rs10853925","0.0000086","0.20","Artery - Tibial"
"ENSG00000245848.3","CEBPA","chr19_33391720_T_C_b38","rs75824777","0.0000086","0.20","Artery - Tibial"
"ENSG00000245848.3","CEBPA","chr19_33391806_A_G_b38","rs16968072","0.0000086","0.20","Artery - Tibial"
"ENSG00000245848.3","CEBPA","chr19_33392153_G_GC_b38","rs35060776","0.0000086","0.20","Artery - Tibial"
"ENSG00000245848.3","CEBPA","chr19_33314561_ACAG_A_b38","rs141352167","0.0000087","-0.31","Muscle - Skeletal"
"ENSG00000245848.3","CEBPA","chr19_33358189_C_T_b38","rs10409981","0.0000089","-0.22","Muscle - Skeletal"
"ENSG00000245848.3","CEBPA","chr19_33390741_C_G_b38","rs78521473","0.000010","0.20","Artery - Tibial"
"ENSG00000245848.3","CEBPA","chr19_33390744_G_T_b38","rs80241821","0.000010","0.20","Artery - Tibial"
"ENSG00000245848.3","CEBPA","chr19_33406572_A_C_b38","rs3786901","0.000010","0.14","Artery - Tibial"
"ENSG00000245848.3","CEBPA","chr19_33327986_A_C_b38","rs8110411","0.000011","0.15","Artery - Aorta"
"ENSG00000245848.3","CEBPA","chr19_33396499_T_C_b38","rs7250869","0.000011","0.16","Artery - Tibial"
"ENSG00000245848.3","CEBPA","chr19_33418093_G_A_b38","rs55889471","0.000011","0.25","Artery - Tibial"
"ENSG00000245848.3","CEBPA","chr19_33424089_C_G_b38","rs79789448","0.000011","0.25","Artery - Tibial"
"ENSG00000245848.3","CEBPA","chr19_33305504_C_T_b38","rs41504144","0.000011","-0.31","Muscle - Skeletal"
"ENSG00000245848.3","CEBPA","chr19_33305788_A_C_b38","rs75061909","0.000011","-0.31","Muscle - Skeletal"
"ENSG00000245848.3","CEBPA","chr19_33309934_A_G_b38","rs79347999","0.000011","-0.31","Muscle - Skeletal"
"ENSG00000245848.3","CEBPA","chr19_33312584_A_G_b38","rs75279684","0.000011","-0.31","Muscle - Skeletal"
"ENSG00000245848.3","CEBPA","chr19_33312602_T_G_b38","rs75710158","0.000011","-0.31","Muscle - Skeletal"
"ENSG00000245848.3","CEBPA","chr19_33314352_C_T_b38","rs139037735","0.000011","-0.31","Muscle - Skeletal"
"ENSG00000245848.3","CEBPA","chr19_33921224_T_C_b38","rs4805950","0.000011","-0.30","Whole Blood"
"ENSG00000245848.3","CEBPA","chr19_33392915_TA_T_b38","rs5827848","0.000012","0.18","Artery - Aorta"
"ENSG00000245848.3","CEBPA","chr19_32513474_G_A_b38","rs146137154","0.000012","0.65","Spleen"
"ENSG00000245848.3","CEBPA","chr19_32518785_T_C_b38","rs78339527","0.000012","0.65","Spleen"
"ENSG00000245848.3","CEBPA","chr19_33389497_T_TC_b38","","0.000012","0.18","Artery - Aorta"
"ENSG00000245848.3","CEBPA","chr19_33384941_C_G_b38","rs16968044","0.000012","0.20","Artery - Tibial"
"ENSG00000245848.3","CEBPA","chr19_33391058_G_T_b38","rs77550656","0.000013","0.19","Artery - Tibial"
"ENSG00000245848.3","CEBPA","chr19_33390951_T_C_b38","rs16968067","0.000013","0.19","Artery - Tibial"
"ENSG00000245848.3","CEBPA","chr19_33792278_G_A_b38","rs142259694","0.000013","1.0","Prostate"
"ENSG00000245848.3","CEBPA","chr19_33384177_T_C_b38","rs16968042","0.000013","0.21","Artery - Tibial"
"ENSG00000245848.3","CEBPA","chr19_33393435_A_G_b38","rs16968074","0.000013","0.17","Artery - Aorta"
"ENSG00000245848.3","CEBPA","chr19_32428993_G_A_b38","rs113006378","0.000013","0.61","Heart - Atrial Appendage"
"ENSG00000245848.3","CEBPA","chr19_32429002_C_A_b38","rs576925380","0.000013","0.61","Heart - Atrial Appendage"
"ENSG00000245848.3","CEBPA","chr19_32429003_G_A_b38","rs545850612","0.000013","0.61","Heart - Atrial Appendage"
"ENSG00000245848.3","CEBPA","chr19_32429004_C_T_b38","rs368161304","0.000013","0.61","Heart - Atrial Appendage"
"ENSG00000245848.3","CEBPA","chr19_32429007_T_C_b38","rs112319027","0.000013","0.61","Heart - Atrial Appendage"
"ENSG00000245848.3","CEBPA","chr19_33295843_C_T_b38","rs74649479","0.000014","-0.30","Muscle - Skeletal"
"ENSG00000245848.3","CEBPA","chr19_33359589_C_T_b38","rs1423065","0.000015","-0.23","Muscle - Skeletal"
"ENSG00000245848.3","CEBPA","chr19_33387931_G_A_b38","rs17570","0.000015","0.18","Artery - Aorta"
"ENSG00000245848.3","CEBPA","chr19_33386617_C_G_b38","rs8111027","0.000015","0.18","Artery - Aorta"
"ENSG00000245848.3","CEBPA","chr19_33346477_AT_A_b38","rs75146786","0.000015","0.16","Artery - Aorta"
"ENSG00000245848.3","CEBPA","chr19_33315118_T_C_b38","rs9646647","0.000015","-0.29","Muscle - Skeletal"
"ENSG00000245848.3","CEBPA","chr19_33318228_C_T_b38","rs117674966","0.000015","-0.29","Muscle - Skeletal"
"ENSG00000245848.3","CEBPA","chr19_33319747_T_C_b38","rs116956259","0.000015","-0.29","Muscle - Skeletal"
"ENSG00000245848.3","CEBPA","chr19_33403137_G_A_b38","rs3786898","0.000016","0.14","Artery - Tibial"
"ENSG00000245848.3","CEBPA","chr19_33423379_C_G_b38","rs10500265","0.000016","0.24","Artery - Tibial"
"ENSG00000245848.3","CEBPA","chr19_33423511_A_G_b38","rs77710357","0.000016","0.24","Artery - Tibial"
"ENSG00000245848.3","CEBPA","chr19_33306266_A_G_b38","rs115349677","0.000016","-0.28","Muscle - Skeletal"
"ENSG00000245848.3","CEBPA","chr19_33336121_C_T_b38","rs141706710","0.000018","-0.23","Muscle - Skeletal"
"ENSG00000245848.3","CEBPA","chr19_33350705_G_A_b38","rs12610763","0.000018","-0.22","Muscle - Skeletal"
"ENSG00000245848.3","CEBPA","chr19_33350819_C_T_b38","rs10417389","0.000018","-0.22","Muscle - Skeletal"
"ENSG00000245848.3","CEBPA","chr19_33387133_A_G_b38","rs3556","0.000019","0.18","Artery - Aorta"
"ENSG00000245848.3","CEBPA","chr19_33318493_T_C_b38","rs115178743","0.000019","-0.28","Muscle - Skeletal"
"ENSG00000245848.3","CEBPA","chr19_33299650_G_A_b38","rs41355649","0.000020","-0.15","Whole Blood"
"ENSG00000245848.3","CEBPA","chr19_33294235_C_T_b38","rs56195015","0.000021","0.39","Brain - Cerebellum"
"ENSG00000245848.3","CEBPA","chr19_33355729_T_C_b38","rs1423063","0.000022","0.19","Pituitary"
"ENSG00000245848.3","CEBPA","chr19_33355616_A_G_b38","rs1423062","0.000022","0.19","Pituitary"
"ENSG00000245848.3","CEBPA","chr19_33536076_G_A_b38","rs254811","0.000023","-0.087","Lung"
"ENSG00000245848.3","CEBPA","chr19_33346477_AT_A_b38","rs75146786","0.000023","0.19","Pituitary"
"ENSG00000245848.3","CEBPA","chr19_33930749_G_A_b38","rs113129099","0.000024","0.48","Stomach"
"ENSG00000245848.3","CEBPA","chr19_33387006_G_GAAAGT_b38","rs140842","0.000024","0.18","Artery - Aorta"
"ENSG00000245848.3","CEBPA","chr19_33387292_A_G_b38","rs1061338","0.000024","0.18","Artery - Aorta"
"ENSG00000245848.3","CEBPA","chr19_33402102_A_G_b38","rs3786897","0.000024","0.14","Artery - Tibial"
"ENSG00000245848.3","CEBPA","chr19_33402545_T_C_b38","rs8107837","0.000024","0.14","Artery - Tibial"
"ENSG00000245848.3","CEBPA","chr19_33334780_C_T_b38","rs111229823","0.000025","0.24","Artery - Aorta"
"ENSG00000245848.3","CEBPA","chr19_33400107_A_T_b38","rs62102718","0.000026","-0.16","Artery - Tibial"
"ENSG00000245848.3","CEBPA","chr19_33514504_A_G_b38","rs3786921","0.000026","0.24","Artery - Tibial"
"ENSG00000245848.3","CEBPA","chr19_33514640_G_A_b38","rs75975049","0.000026","0.24","Artery - Tibial"
"ENSG00000245848.3","CEBPA","chr19_33405289_G_A_b38","rs10403360","0.000027","0.14","Artery - Tibial"
"ENSG00000245848.3","CEBPA","chr19_34274337_G_A_b38","rs149155286","0.000027","0.48","Esophagus - Mucosa"
"ENSG00000245848.3","CEBPA","chr19_32321525_T_A_b38","rs141037555","0.000028","0.42","Heart - Atrial Appendage"
"ENSG00000245848.3","CEBPA","chr19_33347024_A_AAT_b38","rs55745191","0.000029","0.15","Artery - Aorta"
"ENSG00000245848.3","CEBPA","chr19_33410354_AGGGAGG_A_b38","rs374439825","0.000029","0.48","Artery - Tibial"
"ENSG00000245848.3","CEBPA","chr19_33424615_G_A_b38","rs73588216","0.000030","0.23","Artery - Tibial"
"ENSG00000245848.3","CEBPA","chr19_33354784_C_T_b38","rs112974274","0.000031","0.22","Artery - Tibial"
"ENSG00000245848.3","CEBPA","chr19_33362354_C_T_b38","rs56187503","0.000031","0.19","Pituitary"
"ENSG00000245848.3","CEBPA","chr19_33241688_C_T_b38","rs752503","0.000032","0.082","Skin - Sun Exposed (Lower leg)"
"ENSG00000245848.3","CEBPA","chr19_33424930_C_A_b38","rs60267674","0.000032","0.22","Artery - Tibial"
"ENSG00000245848.3","CEBPA","chr19_33354184_C_CAAAAAAAAAA_b38","rs201697382","0.000032","-0.46","Muscle - Skeletal"
"ENSG00000245848.3","CEBPA","chr19_33339692_G_T_b38","rs16967971","0.000033","-0.22","Muscle - Skeletal"
"ENSG00000245848.3","CEBPA","chr19_33383106_T_C_b38","rs55741859","0.000034","0.44","Artery - Tibial"
"ENSG00000245848.3","CEBPA","chr19_33399932_C_G_b38","rs10406327","0.000034","0.13","Artery - Tibial"
"ENSG00000245848.3","CEBPA","chr19_33373470_C_T_b38","rs112101566","0.000035","0.24","Artery - Aorta"
"ENSG00000245848.3","CEBPA","chr19_33421392_G_A_b38","rs74958114","0.000035","0.23","Artery - Tibial"
"ENSG00000245848.3","CEBPA","chr19_33341379_C_G_b38","rs10445598","0.000036","0.14","Artery - Aorta"
"ENSG00000245848.3","CEBPA","chr19_33348648_A_G_b38","rs4805033","0.000036","0.18","Pituitary"
"ENSG00000245848.3","CEBPA","chr19_33354390_T_C_b38","rs7252446","0.000036","0.18","Pituitary"
"ENSG00000245848.3","CEBPA","chr19_33354537_C_T_b38","rs7248901","0.000036","0.18","Pituitary"
"ENSG00000245848.3","CEBPA","chr19_33380000_T_C_b38","rs76738473","0.000036","-0.37","Muscle - Skeletal"
"ENSG00000245848.3","CEBPA","chr19_33381219_T_G_b38","rs115732024","0.000036","-0.37","Muscle - Skeletal"
"ENSG00000245848.3","CEBPA","chr19_33381244_G_C_b38","rs117236383","0.000036","-0.37","Muscle - Skeletal"
"ENSG00000245848.3","CEBPA","chr19_33323873_ACT_A_b38","rs139475866","0.000036","0.23","Artery - Aorta"
"ENSG00000245848.3","CEBPA","chr19_32324388_G_A_b38","rs111874864","0.000037","0.41","Heart - Atrial Appendage"
"ENSG00000245848.3","CEBPA","chr19_33395739_A_G_b38","rs7258863","0.000038","0.22","Artery - Tibial"
"ENSG00000245848.3","CEBPA","chr19_33360170_G_A_b38","rs8111593","0.000038","0.15","Artery - Aorta"
"ENSG00000245848.3","CEBPA","chr19_33538792_T_C_b38","rs153703","0.000039","-0.084","Lung"
"ENSG00000245848.3","CEBPA","chr19_33401503_C_T_b38","rs889138","0.000039","0.14","Artery - Tibial"
"ENSG00000245848.3","CEBPA","chr19_33359094_A_C_b38","rs8108871","0.000039","0.15","Artery - Aorta"
"ENSG00000245848.3","CEBPA","chr19_33347024_A_AAT_b38","rs55745191","0.000039","0.18","Pituitary"
"ENSG00000245848.3","CEBPA","chr19_33498844_G_T_b38","rs147520362","0.000041","0.45","Artery - Tibial"
"ENSG00000245848.3","CEBPA","chr19_33367010_C_T_b38","rs62125160","0.000042","0.14","Artery - Aorta"
"ENSG00000245848.3","CEBPA","chr19_32537283_C_G_b38","rs142117435","0.000042","0.58","Spleen"
"ENSG00000245848.3","CEBPA","chr19_34035819_C_A_b38","rs62103137","0.000042","0.20","Cells - Cultured fibroblasts"
"ENSG00000245848.3","CEBPA","chr19_33359861_C_T_b38","rs73028280","0.000046","-0.13","Whole Blood"
"ENSG00000245848.3","CEBPA","chr19_33366064_G_T_b38","rs6510376","0.000046","0.14","Artery - Aorta"
"ENSG00000245848.3","CEBPA","chr19_33366156_G_T_b38","rs8100313","0.000046","0.14","Artery - Aorta"
"ENSG00000245848.3","CEBPA","chr19_33367307_G_C_b38","rs736682","0.000048","0.14","Artery - Aorta"
"ENSG00000245848.3","CEBPA","chr19_33491021_T_C_b38","rs4377259","0.000048","0.16","Artery - Aorta"
"ENSG00000245848.3","CEBPA","chr19_33397763_T_G_b38","rs8109191","0.000050","0.14","Artery - Tibial"
"ENSG00000245848.3","CEBPA","chr19_33359761_T_C_b38","rs1423066","0.000052","0.14","Artery - Aorta"
"ENSG00000245848.3","CEBPA","chr19_33366228_C_T_b38","rs11881085","0.000053","0.14","Artery - Aorta"
"ENSG00000245848.3","CEBPA","chr19_33366791_C_T_b38","rs62128268","0.000053","0.14","Artery - Aorta"
"ENSG00000245848.3","CEBPA","chr19_33341493_G_A_b38","rs55865721","0.000053","-0.13","Whole Blood"
"ENSG00000245848.3","CEBPA","chr19_33415217_T_C_b38","rs4805885","0.000054","0.14","Artery - Tibial"
"ENSG00000245848.3","CEBPA","chr19_33296029_A_G_b38","rs8102513","0.000054","-0.32","Brain - Cerebellar Hemisphere"
"ENSG00000245848.3","CEBPA","chr19_33298346_C_T_b38","rs115865883","0.000059","-0.32","Brain - Cerebellar Hemisphere"
"ENSG00000245848.3","CEBPA","chr19_33298562_A_AC_b38","rs112671669","0.000059","-0.32","Brain - Cerebellar Hemisphere"
"ENSG00000245848.3","CEBPA","chr19_33298702_G_T_b38","rs77954641","0.000059","-0.32","Brain - Cerebellar Hemisphere"
"ENSG00000245848.3","CEBPA","chr19_33298773_C_T_b38","rs111330623","0.000059","-0.32","Brain - Cerebellar Hemisphere"
"ENSG00000245848.3","CEBPA","chr19_33398687_A_G_b38","rs7256564","0.000060","0.14","Artery - Tibial"
"ENSG00000245848.3","CEBPA","chr19_33418945_C_T_b38","rs8182579","0.000060","0.14","Artery - Aorta"
"ENSG00000245848.3","CEBPA","chr19_33404457_AAAC_A_b38","","0.000061","0.13","Artery - Tibial"
"ENSG00000245848.3","CEBPA","chr19_33374012_C_G_b38","rs3745967","0.000063","0.14","Artery - Aorta"
"ENSG00000245848.3","CEBPA","chr19_33393217_C_G_b38","rs111809322","0.000064","0.16","Artery - Aorta"
"ENSG00000245848.3","CEBPA","chr19_33362354_C_T_b38","rs56187503","0.000066","0.15","Artery - Aorta"
"ENSG00000245848.3","CEBPA","chr19_33367018_C_G_b38","rs62125161","0.000066","0.14","Artery - Aorta"
"ENSG00000245848.3","CEBPA","chr19_33424038_A_G_b38","rs4362488","0.000067","0.14","Artery - Aorta"
"ENSG00000245848.3","CEBPA","chr19_33391746_A_G_b38","rs2241382","0.000067","0.18","Pituitary"
"ENSG00000245848.3","CEBPA","chr19_33392291_G_C_b38","rs10775579","0.000067","0.18","Pituitary"
"ENSG00000245848.3","CEBPA","chr19_33322870_G_A_b38","rs10402014","0.000070","-0.34","Brain - Cerebellum"
"ENSG00000245848.3","CEBPA","chr19_33323563_G_A_b38","rs28885440","0.000070","-0.34","Brain - Cerebellum"
"ENSG00000245848.3","CEBPA","chr19_33324221_G_A_b38","rs7253713","0.000070","-0.34","Brain - Cerebellum"
"ENSG00000245848.3","CEBPA","chr19_33324300_G_C_b38","rs10415737","0.000070","-0.34","Brain - Cerebellum"
"ENSG00000245848.3","CEBPA","chr19_33324336_G_A_b38","rs10415770","0.000070","-0.34","Brain - Cerebellum"
"ENSG00000245848.3","CEBPA","chr19_33326227_A_G_b38","rs12608723","0.000070","-0.34","Brain - Cerebellum"
"ENSG00000245848.3","CEBPA","chr19_33326622_G_GA_b38","rs112167957","0.000070","-0.34","Brain - Cerebellum"
"ENSG00000245848.3","CEBPA","chr19_33327250_T_C_b38","rs7256107","0.000070","-0.34","Brain - Cerebellum"
"ENSG00000245848.3","CEBPA","chr19_33327308_C_G_b38","rs10413354","0.000070","-0.34","Brain - Cerebellum"
"ENSG00000245848.3","CEBPA","chr19_33327479_G_A_b38","rs7251758","0.000070","-0.34","Brain - Cerebellum"
"ENSG00000245848.3","CEBPA","chr19_33328149_A_G_b38","rs112432604","0.000070","-0.34","Brain - Cerebellum"
"ENSG00000245848.3","CEBPA","chr19_33328331_A_G_b38","rs10421445","0.000070","-0.34","Brain - Cerebellum"
"ENSG00000245848.3","CEBPA","chr19_33834616_G_A_b38","rs10413310","0.000071","1.0","Brain - Cerebellum"
"ENSG00000245848.3","CEBPA","chr19_33418739_C_T_b38","rs75145648","0.000071","0.20","Artery - Tibial"
"ENSG00000245848.3","CEBPA","chr19_33397682_A_G_b38","rs8106165","0.000072","0.14","Artery - Tibial"
"ENSG00000245848.3","CEBPA","chr19_33398094_G_A_b38","rs889140","0.000072","0.14","Artery - Tibial"
"ENSG00000245848.3","CEBPA","chr19_33419242_T_C_b38","rs10423247","0.000072","0.14","Artery - Aorta"
"ENSG00000245848.3","CEBPA","chr19_33419633_T_C_b38","rs1005730","0.000072","0.14","Artery - Aorta"
"ENSG00000245848.3","CEBPA","chr19_33355616_A_G_b38","rs1423062","0.000073","0.14","Artery - Aorta"
"ENSG00000245848.3","CEBPA","chr19_33493690_C_G_b38","rs10406288","0.000076","0.21","Artery - Tibial"
"ENSG00000245848.3","CEBPA","chr19_33644990_T_C_b38","rs8101419","0.000078","1.2","Brain - Cerebellum"
"ENSG00000245848.3","CEBPA","chr19_33357906_T_G_b38","rs7253789","0.000078","0.14","Artery - Aorta"
"ENSG00000245848.3","CEBPA","chr19_33291888_G_A_b38","rs74376820","0.000078","0.45","Brain - Cerebellum"
"ENSG00000245848.3","CEBPA","chr19_33424370_G_A_b38","rs73588214","0.000081","0.22","Artery - Tibial"
"ENSG00000245848.3","CEBPA","chr19_33358215_G_C_b38","rs6510374","0.000081","0.14","Artery - Aorta"
"ENSG00000245848.3","CEBPA","chr19_33645653_C_T_b38","rs79476172","0.000082","1.4","Brain - Cerebellum"
"ENSG00000245848.3","CEBPA","chr19_33357871_T_C_b38","rs16967984","0.000083","0.14","Artery - Aorta"
"ENSG00000245848.3","CEBPA","chr19_33424615_G_A_b38","rs73588216","0.000085","0.22","Artery - Aorta"
"ENSG00000245848.3","CEBPA","chr19_33371182_T_C_b38","rs2112820","0.000085","-0.21","Muscle - Skeletal"
"ENSG00000245848.3","CEBPA","chr19_33372029_T_G_b38","rs77592544","0.000085","-0.21","Muscle - Skeletal"
"ENSG00000245848.3","CEBPA","chr19_33356029_T_C_b38","rs10427115","0.000085","0.14","Artery - Aorta"
"ENSG00000245848.3","CEBPA","chr19_33419834_C_T_b38","rs1005729","0.000087","0.14","Artery - Aorta"
"ENSG00000245848.3","CEBPA","chr19_33335189_T_TG_b38","rs142037733","0.000088","0.075","Whole Blood"
"ENSG00000245848.3","CEBPA","chr19_33348648_A_G_b38","rs4805033","0.000090","0.14","Artery - Aorta"
"ENSG00000245848.3","CEBPA","chr19_33355729_T_C_b38","rs1423063","0.000090","0.14","Artery - Aorta"
"ENSG00000245848.3","CEBPA","chr19_33403288_C_T_b38","rs117479640","0.000091","0.44","Artery - Tibial"
"ENSG00000245848.3","CEBPA","chr19_33353147_A_G_b38","rs28376499","0.000092","0.14","Artery - Aorta"
"ENSG00000245848.3","CEBPA","chr19_33425483_A_G_b38","rs77439760","0.000093","0.21","Artery - Tibial"
"ENSG00000245848.3","CEBPA","chr19_33385555_G_A_b38","rs8106137","0.000093","0.17","Artery - Tibial"
"ENSG00000245848.3","CEBPA","chr19_33405526_A_C_b38","rs4805881","0.000094","0.14","Artery - Tibial"
"ENSG00000245848.3","CEBPA","chr19_34043221_G_C_b38","rs117923887","0.000098","0.19","Cells - Cultured fibroblasts"
"ENSG00000245848.3","CEBPA","chr19_33393553_TCAAA_T_b38","","0.000098","0.070","Whole Blood"
"ENSG00000245848.3","CEBPA","chr19_33409351_C_G_b38","rs8103728","0.00010","0.14","Artery - Tibial"
"ENSG00000245848.3","CEBPA","chr19_33403940_C_T_b38","rs10422861","0.00010","0.14","Artery - Tibial"
"ENSG00000245848.3","CEBPA","chr19_34017868_G_T_b38","rs78167885","0.00010","0.19","Cells - Cultured fibroblasts"
"ENSG00000245848.3","CEBPA","chr19_34020897_C_T_b38","rs62103132","0.00010","0.19","Cells - Cultured fibroblasts"
"ENSG00000245848.3","CEBPA","chr19_33422423_C_CCTAT_b38","rs112215031","0.00010","0.14","Artery - Aorta"
"ENSG00000245848.3","CEBPA","chr19_33496168_A_G_b38","rs3786913","0.00010","0.19","Artery - Tibial"
"ENSG00000245848.3","CEBPA","chr19_33309100_G_T_b38","rs111346021","0.00010","0.28","Artery - Aorta"
"ENSG00000245848.3","CEBPA","chr19_33391746_A_G_b38","rs2241382","0.00010","0.14","Artery - Aorta"
"ENSG00000245848.3","CEBPA","chr19_33243275_G_C_b38","rs10417400","0.00011","0.077","Skin - Sun Exposed (Lower leg)"
"ENSG00000245848.3","CEBPA","chr19_33370820_T_C_b38","rs1966492","0.00011","0.14","Artery - Aorta"
"ENSG00000245848.3","CEBPA","chr19_33367561_T_G_b38","rs2081060","0.00011","0.14","Artery - Aorta"
"ENSG00000245848.3","CEBPA","chr19_33354390_T_C_b38","rs7252446","0.00011","0.14","Artery - Aorta"
"ENSG00000245848.3","CEBPA","chr19_33354537_C_T_b38","rs7248901","0.00011","0.14","Artery - Aorta"
"ENSG00000245848.3","CEBPA","chr19_33899557_T_C_b38","rs7257071","0.00011","-0.19","Whole Blood"
"ENSG00000245848.3","CEBPA","chr19_33423379_C_G_b38","rs10500265","0.00011","0.22","Artery - Aorta"
"ENSG00000245848.3","CEBPA","chr19_33423511_A_G_b38","rs77710357","0.00011","0.22","Artery - Aorta"
"ENSG00000245848.3","CEBPA","chr19_33508591_C_T_b38","rs11669387","0.00012","-0.11","Whole Blood"
"ENSG00000245848.3","CEBPA","chr19_33420799_T_C_b38","rs57457691","0.00012","0.13","Artery - Tibial"
"ENSG00000245848.3","CEBPA","chr19_33365285_A_G_b38","rs1559189","0.00012","0.14","Artery - Aorta"
"ENSG00000245848.3","CEBPA","chr19_33365382_C_T_b38","rs1559190","0.00012","0.14","Artery - Aorta"
"ENSG00000245848.3","CEBPA","chr19_33366159_G_A_b38","rs8100315","0.00012","0.14","Artery - Aorta"
"ENSG00000245848.3","CEBPA","chr19_33366492_T_G_b38","rs4805874","0.00012","0.14","Artery - Aorta"
"ENSG00000245848.3","CEBPA","chr19_33337168_G_A_b38","rs78889164","0.00012","0.074","Whole Blood"
"ENSG00000245848.3","CEBPA","chr19_33424370_G_A_b38","rs73588214","0.00012","0.21","Artery - Aorta"
"ENSG00000245848.3","CEBPA","chr19_33365510_T_C_b38","rs1559191","0.00012","0.14","Artery - Aorta"
"ENSG00000245848.3","CEBPA","chr19_33398463_A_G_b38","rs889139","0.00012","0.13","Artery - Tibial"
"ENSG00000245848.3","CEBPA","chr19_32848521_C_T_b38","rs146113505","0.00012","-0.44","Esophagus - Mucosa"
"ENSG00000245848.3","CEBPA","chr19_33408159_G_A_b38","rs731839","0.00013","0.13","Artery - Tibial"
"ENSG00000245848.3","CEBPA","chr19_33668381_C_T_b38","rs117041163","0.00013","0.18","Whole Blood"
"ENSG00000245848.3","CEBPA","chr19_33366074_T_C_b38","rs11878996","0.00013","-0.22","Muscle - Skeletal"
"ENSG00000245848.3","CEBPA","chr19_33423379_C_G_b38","rs10500265","0.00014","0.18","Muscle - Skeletal"
"ENSG00000245848.3","CEBPA","chr19_33423511_A_G_b38","rs77710357","0.00014","0.18","Muscle - Skeletal"
"ENSG00000245848.3","CEBPA","chr19_33397148_T_C_b38","rs4805878","0.00014","0.13","Artery - Tibial"
"ENSG00000245848.3","CEBPA","chr19_33418945_C_T_b38","rs8182579","0.00014","0.12","Artery - Tibial"
"ENSG00000245848.3","CEBPA","chr19_33992789_G_C_b38","rs62103100","0.00014","0.18","Cells - Cultured fibroblasts"
"ENSG00000245848.3","CEBPA","chr19_33994969_G_A_b38","rs62103102","0.00014","0.18","Cells - Cultured fibroblasts"
"ENSG00000245848.3","CEBPA","chr19_33995407_T_C_b38","rs62103103","0.00014","0.18","Cells - Cultured fibroblasts"
"ENSG00000245848.3","CEBPA","chr19_33486867_T_TG_b38","","0.00014","0.21","Artery - Tibial"
"ENSG00000245848.3","CEBPA","chr19_33425365_C_T_b38","rs17833923","0.00014","0.20","Artery - Tibial"
"ENSG00000245848.3","CEBPA","chr19_33425599_C_T_b38","rs74820380","0.00014","0.20","Artery - Tibial"
"ENSG00000245848.3","CEBPA","chr19_33427517_A_G_b38","rs11667352","0.00015","0.13","Artery - Tibial"
"ENSG00000245848.3","CEBPA","chr19_33424865_C_T_b38","rs59043989","0.00016","0.20","Artery - Tibial"
"ENSG00000245848.3","CEBPA","chr19_33985714_G_A_b38","rs62103096","0.00016","0.18","Cells - Cultured fibroblasts"
"ENSG00000245848.3","CEBPA","chr19_33495619_G_A_b38","rs74839964","0.00016","0.21","Artery - Tibial"
"ENSG00000245848.3","CEBPA","chr19_34023790_C_A_b38","rs55897610","0.00016","0.18","Cells - Cultured fibroblasts"
"ENSG00000245848.3","CEBPA","chr19_34091088_A_G_b38","rs73591588","0.00017","-0.44","Cells - Cultured fibroblasts"
"ENSG00000245848.3","CEBPA","chr19_34091338_C_G_b38","rs28464278","0.00017","-0.44","Cells - Cultured fibroblasts"
"ENSG00000245848.3","CEBPA","chr19_33422423_C_CCTAT_b38","rs112215031","0.00018","0.12","Artery - Tibial"