"Gencode Id","Gene Symbol","Variant Id","SNP Id","P-Value","NES","Tissue"
"ENSG00000159216.19","RUNX1","chr21_36005333_G_A_b38","rs61738607","2.6e-9","0.29","Brain - Anterior qcingulate cortex (BA24)"
"ENSG00000159216.19","RUNX1","chr21_36062680_T_C_b38","rs6517325","3.2e-8","0.25","Brain - Anterior qcingulate cortex (BA24)"
"ENSG00000159216.19","RUNX1","chr21_36026656_G_A_b38","rs34033502","3.4e-8","0.25","Brain - Anterior qcingulate cortex (BA24)"
"ENSG00000159216.19","RUNX1","chr21_36029115_C_A_b38","rs8130966","3.4e-8","0.25","Brain - Anterior qcingulate cortex (BA24)"
"ENSG00000159216.19","RUNX1","chr21_36015104_A_G_b38","rs743420","4.0e-8","0.25","Brain - Anterior qcingulate cortex (BA24)"
"ENSG00000159216.19","RUNX1","chr21_36022392_GAGTTTTCTAT_G_b38","rs67503416","4.0e-8","0.25","Brain - Anterior qcingulate cortex (BA24)"
"ENSG00000159216.19","RUNX1","chr21_36063667_C_T_b38","rs2835264","5.7e-8","0.25","Brain - Anterior qcingulate cortex (BA24)"
"ENSG00000159216.19","RUNX1","chr21_35970092_T_G_b38","rs6517321","1.9e-7","0.33","Brain - Nucleus accumbens (basal ganglia)"
"ENSG00000159216.19","RUNX1","chr21_36060612_C_G_b38","rs7280136","2.2e-7","0.24","Brain - Anterior qcingulate cortex (BA24)"
"ENSG00000159216.19","RUNX1","chr21_35129169_G_T_b38","rs2834784","2.5e-7","0.22","Colon - Transverse"
"ENSG00000159216.19","RUNX1","chr21_35968067_C_A_b38","rs113414348","2.6e-7","0.34","Brain - Nucleus accumbens (basal ganglia)"
"ENSG00000159216.19","RUNX1","chr21_35961665_G_A_b38","rs78527363","3.5e-7","0.33","Brain - Nucleus accumbens (basal ganglia)"
"ENSG00000159216.19","RUNX1","chr21_35961870_T_C_b38","rs7280515","3.5e-7","0.33","Brain - Nucleus accumbens (basal ganglia)"
"ENSG00000159216.19","RUNX1","chr21_35965014_A_G_b38","rs74668107","3.5e-7","0.33","Brain - Nucleus accumbens (basal ganglia)"
"ENSG00000159216.19","RUNX1","chr21_35987358_AAG_A_b38","rs10572894","3.5e-7","0.33","Brain - Nucleus accumbens (basal ganglia)"
"ENSG00000159216.19","RUNX1","chr21_35947598_G_A_b38","rs2835177","9.4e-7","0.33","Brain - Nucleus accumbens (basal ganglia)"
"ENSG00000159216.19","RUNX1","chr21_35959366_T_G_b38","rs77116305","9.4e-7","0.33","Brain - Nucleus accumbens (basal ganglia)"
"ENSG00000159216.19","RUNX1","chr21_35959855_TAAA_T_b38","rs10601016","9.4e-7","0.33","Brain - Nucleus accumbens (basal ganglia)"
"ENSG00000159216.19","RUNX1","chr21_35959859_TA_T_b38","rs11341617","9.4e-7","0.33","Brain - Nucleus accumbens (basal ganglia)"
"ENSG00000159216.19","RUNX1","chr21_35960668_G_A_b38","rs79431999","9.4e-7","0.33","Brain - Nucleus accumbens (basal ganglia)"
"ENSG00000159216.19","RUNX1","chr21_35970546_T_C_b38","rs75346155","9.4e-7","0.33","Brain - Nucleus accumbens (basal ganglia)"
"ENSG00000159216.19","RUNX1","chr21_36007865_CTTTTTA_C_b38","rs144011714","0.0000011","0.32","Brain - Nucleus accumbens (basal ganglia)"
"ENSG00000159216.19","RUNX1","chr21_36014650_G_A_b38","rs8131082","0.0000011","0.32","Brain - Nucleus accumbens (basal ganglia)"
"ENSG00000159216.19","RUNX1","chr21_36024993_A_G_b38","rs2835234","0.0000011","0.32","Brain - Nucleus accumbens (basal ganglia)"
"ENSG00000159216.19","RUNX1","chr21_36031135_G_A_b38","rs75667746","0.0000011","0.32","Brain - Nucleus accumbens (basal ganglia)"
"ENSG00000159216.19","RUNX1","chr21_36046740_G_A_b38","rs2835249","0.0000011","0.32","Brain - Nucleus accumbens (basal ganglia)"
"ENSG00000159216.19","RUNX1","chr21_36047179_C_T_b38","rs112204413","0.0000011","0.32","Brain - Nucleus accumbens (basal ganglia)"
"ENSG00000159216.19","RUNX1","chr21_36050591_T_C_b38","rs2835256","0.0000011","0.32","Brain - Nucleus accumbens (basal ganglia)"
"ENSG00000159216.19","RUNX1","chr21_36054985_G_T_b38","rs2835260","0.0000011","0.32","Brain - Nucleus accumbens (basal ganglia)"
"ENSG00000159216.19","RUNX1","chr21_36062078_T_G_b38","rs59699345","0.0000011","0.32","Brain - Nucleus accumbens (basal ganglia)"
"ENSG00000159216.19","RUNX1","chr21_36044746_G_A_b38","rs2835246","0.0000011","0.33","Brain - Nucleus accumbens (basal ganglia)"
"ENSG00000159216.19","RUNX1","chr21_36052067_G_GT_b38","rs138556728","0.0000012","0.32","Brain - Nucleus accumbens (basal ganglia)"
"ENSG00000159216.19","RUNX1","chr21_36094928_G_C_b38","rs4817771","0.0000014","0.23","Brain - Anterior qcingulate cortex (BA24)"
"ENSG00000159216.19","RUNX1","chr21_35165626_G_A_b38","rs148113360","0.0000015","0.59","Artery - Coronary"
"ENSG00000159216.19","RUNX1","chr21_36071182_T_G_b38","rs1005696","0.0000016","0.22","Brain - Anterior qcingulate cortex (BA24)"
"ENSG00000159216.19","RUNX1","chr21_36074727_T_C_b38","rs2835267","0.0000016","0.22","Brain - Anterior qcingulate cortex (BA24)"
"ENSG00000159216.19","RUNX1","chr21_35978882_G_A_b38","rs2835203","0.0000016","0.32","Brain - Nucleus accumbens (basal ganglia)"
"ENSG00000159216.19","RUNX1","chr21_36004182_A_G_b38","rs62230787","0.0000019","0.24","Brain - Anterior qcingulate cortex (BA24)"
"ENSG00000159216.19","RUNX1","chr21_36001784_G_T_b38","rs62230786","0.0000022","0.23","Brain - Anterior qcingulate cortex (BA24)"
"ENSG00000159216.19","RUNX1","chr21_36052372_C_A_b38","rs112800821","0.0000022","0.31","Brain - Nucleus accumbens (basal ganglia)"
"ENSG00000159216.19","RUNX1","chr21_35943795_G_A_b38","rs7277784","0.0000023","0.31","Brain - Nucleus accumbens (basal ganglia)"
"ENSG00000159216.19","RUNX1","chr21_36062626_T_C_b38","rs7282318","0.0000025","0.21","Brain - Anterior qcingulate cortex (BA24)"
"ENSG00000159216.19","RUNX1","chr21_36062627_T_A_b38","rs7282320","0.0000025","0.21","Brain - Anterior qcingulate cortex (BA24)"
"ENSG00000159216.19","RUNX1","chr21_36087973_A_T_b38","rs62229266","0.0000028","0.22","Brain - Anterior qcingulate cortex (BA24)"
"ENSG00000159216.19","RUNX1","chr21_35997732_A_T_b38","rs2835224","0.0000030","0.24","Brain - Anterior qcingulate cortex (BA24)"
"ENSG00000159216.19","RUNX1","chr21_35998841_A_C_b38","rs11700546","0.0000030","0.24","Brain - Anterior qcingulate cortex (BA24)"
"ENSG00000159216.19","RUNX1","chr21_35998842_G_A_b38","rs2835225","0.0000030","0.24","Brain - Anterior qcingulate cortex (BA24)"
"ENSG00000159216.19","RUNX1","chr21_36073441_C_G_b38","rs998383","0.0000032","0.23","Brain - Anterior qcingulate cortex (BA24)"
"ENSG00000159216.19","RUNX1","chr21_36073228_G_C_b38","rs998384","0.0000032","0.23","Brain - Anterior qcingulate cortex (BA24)"
"ENSG00000159216.19","RUNX1","chr21_36031248_G_A_b38","rs62230814","0.0000033","0.21","Brain - Anterior qcingulate cortex (BA24)"
"ENSG00000159216.19","RUNX1","chr21_36031272_T_G_b38","rs34259635","0.0000033","0.21","Brain - Anterior qcingulate cortex (BA24)"
"ENSG00000159216.19","RUNX1","chr21_35928884_T_C_b38","rs7283376","0.0000034","-1.1","Brain - Hippocampus"
"ENSG00000159216.19","RUNX1","chr21_35930387_A_G_b38","rs16993713","0.0000034","-1.1","Brain - Hippocampus"
"ENSG00000159216.19","RUNX1","chr21_35931766_T_C_b38","rs8131561","0.0000034","-1.1","Brain - Hippocampus"
"ENSG00000159216.19","RUNX1","chr21_35116629_G_C_b38","rs2834777","0.0000034","0.19","Colon - Transverse"
"ENSG00000159216.19","RUNX1","chr21_36037116_G_A_b38","rs7275820","0.0000036","0.21","Brain - Anterior qcingulate cortex (BA24)"
"ENSG00000159216.19","RUNX1","chr21_36037289_T_TATAC_b38","rs35353247","0.0000036","0.21","Brain - Anterior qcingulate cortex (BA24)"
"ENSG00000159216.19","RUNX1","chr21_36037311_T_A_b38","rs7280551","0.0000036","0.21","Brain - Anterior qcingulate cortex (BA24)"
"ENSG00000159216.19","RUNX1","chr21_36039611_T_C_b38","rs2255734","0.0000036","0.21","Brain - Anterior qcingulate cortex (BA24)"
"ENSG00000159216.19","RUNX1","chr21_36041234_A_C_b38","rs2835242","0.0000036","0.21","Brain - Anterior qcingulate cortex (BA24)"
"ENSG00000159216.19","RUNX1","chr21_36041648_C_T_b38","rs2835243","0.0000036","0.21","Brain - Anterior qcingulate cortex (BA24)"
"ENSG00000159216.19","RUNX1","chr21_36044410_C_T_b38","rs2835245","0.0000036","0.21","Brain - Anterior qcingulate cortex (BA24)"
"ENSG00000159216.19","RUNX1","chr21_36047445_A_G_b38","rs12482541","0.0000036","0.21","Brain - Anterior qcingulate cortex (BA24)"
"ENSG00000159216.19","RUNX1","chr21_36047447_T_C_b38","rs2835253","0.0000036","0.21","Brain - Anterior qcingulate cortex (BA24)"
"ENSG00000159216.19","RUNX1","chr21_36058329_A_G_b38","rs2026259","0.0000036","0.21","Brain - Anterior qcingulate cortex (BA24)"
"ENSG00000159216.19","RUNX1","chr21_36058967_G_T_b38","rs2051395","0.0000036","0.21","Brain - Anterior qcingulate cortex (BA24)"
"ENSG00000159216.19","RUNX1","chr21_36052067_G_A_b38","rs2835258","0.0000036","0.21","Brain - Anterior qcingulate cortex (BA24)"
"ENSG00000159216.19","RUNX1","chr21_36071267_G_C_b38","rs1005695","0.0000037","0.21","Brain - Anterior qcingulate cortex (BA24)"
"ENSG00000159216.19","RUNX1","chr21_36065268_G_A_b38","rs62229260","0.0000040","0.21","Brain - Anterior qcingulate cortex (BA24)"
"ENSG00000159216.19","RUNX1","chr21_36436563_C_T_b38","rs170143","0.0000044","0.17","Pituitary"
"ENSG00000159216.19","RUNX1","chr21_36017319_T_C_b38","rs2835229","0.0000049","0.30","Brain - Nucleus accumbens (basal ganglia)"
"ENSG00000159216.19","RUNX1","chr21_36021975_TG_T_b38","rs112771469","0.0000049","0.30","Brain - Nucleus accumbens (basal ganglia)"
"ENSG00000159216.19","RUNX1","chr21_36094593_G_A_b38","rs7354758","0.0000049","0.29","Brain - Nucleus accumbens (basal ganglia)"
"ENSG00000159216.19","RUNX1","chr21_36065335_G_GC_b38","rs112980344","0.0000052","0.29","Brain - Nucleus accumbens (basal ganglia)"
"ENSG00000159216.19","RUNX1","chr21_35998658_T_TCGGCTAGC_b38","rs1555855260","0.0000054","0.23","Brain - Anterior qcingulate cortex (BA24)"
"ENSG00000159216.19","RUNX1","chr21_36008039_A_T_b38","rs62230788","0.0000059","0.23","Brain - Anterior qcingulate cortex (BA24)"
"ENSG00000159216.19","RUNX1","chr21_36012432_A_C_b38","rs11701590","0.0000061","0.22","Brain - Anterior qcingulate cortex (BA24)"
"ENSG00000159216.19","RUNX1","chr21_36010929_C_A_b38","rs7277791","0.0000061","0.22","Brain - Anterior qcingulate cortex (BA24)"
"ENSG00000159216.19","RUNX1","chr21_36011729_T_C_b38","rs8134590","0.0000061","0.22","Brain - Anterior qcingulate cortex (BA24)"
"ENSG00000159216.19","RUNX1","chr21_36016613_A_G_b38","rs62230790","0.0000061","0.22","Brain - Anterior qcingulate cortex (BA24)"
"ENSG00000159216.19","RUNX1","chr21_36022309_G_A_b38","rs62230791","0.0000062","0.22","Brain - Anterior qcingulate cortex (BA24)"
"ENSG00000159216.19","RUNX1","chr21_35997414_A_G_b38","rs77708398","0.0000064","0.30","Brain - Nucleus accumbens (basal ganglia)"
"ENSG00000159216.19","RUNX1","chr21_36062629_G_A_b38","rs36034006","0.0000065","0.21","Brain - Anterior qcingulate cortex (BA24)"
"ENSG00000159216.19","RUNX1","chr21_36736432_G_A_b38","rs138150087","0.0000075","-1.1","Cells - EBV-transformed lymphocytes"
"ENSG00000159216.19","RUNX1","chr21_35114490_A_C_b38","rs2834774","0.0000079","0.17","Colon - Transverse"
"ENSG00000159216.19","RUNX1","chr21_36057647_T_C_b38","rs62230822","0.0000095","0.21","Brain - Anterior qcingulate cortex (BA24)"
"ENSG00000159216.19","RUNX1","chr21_36034394_G_A_b38","rs878606","0.0000099","0.21","Brain - Anterior qcingulate cortex (BA24)"
"ENSG00000159216.19","RUNX1","chr21_35490630_T_G_b38","rs73375364","0.000010","-0.76","Brain - Hippocampus"
"ENSG00000159216.19","RUNX1","chr21_35491513_G_C_b38","rs73375366","0.000010","-0.76","Brain - Hippocampus"
"ENSG00000159216.19","RUNX1","chr21_35491644_C_G_b38","rs73375368","0.000010","-0.76","Brain - Hippocampus"
"ENSG00000159216.19","RUNX1","chr21_36017261_G_A_b38","rs4817759","0.000011","0.21","Brain - Anterior qcingulate cortex (BA24)"
"ENSG00000159216.19","RUNX1","chr21_36018300_C_T_b38","rs2835231","0.000011","0.21","Brain - Anterior qcingulate cortex (BA24)"
"ENSG00000159216.19","RUNX1","chr21_36021129_G_A_b38","rs2835232","0.000011","0.21","Brain - Anterior qcingulate cortex (BA24)"
"ENSG00000159216.19","RUNX1","chr21_36021284_A_G_b38","rs2835233","0.000011","0.21","Brain - Anterior qcingulate cortex (BA24)"
"ENSG00000159216.19","RUNX1","chr21_36026254_C_T_b38","rs62230812","0.000011","0.21","Brain - Anterior qcingulate cortex (BA24)"
"ENSG00000159216.19","RUNX1","chr21_35976101_G_A_b38","rs2835200","0.000013","0.29","Brain - Nucleus accumbens (basal ganglia)"
"ENSG00000159216.19","RUNX1","chr21_36040454_T_C_b38","rs2255858","0.000014","0.21","Brain - Anterior qcingulate cortex (BA24)"
"ENSG00000159216.19","RUNX1","chr21_36043468_GACA_G_b38","rs10533010","0.000014","0.21","Brain - Anterior qcingulate cortex (BA24)"
"ENSG00000159216.19","RUNX1","chr21_36048487_C_T_b38","rs880221","0.000014","0.21","Brain - Anterior qcingulate cortex (BA24)"
"ENSG00000159216.19","RUNX1","chr21_36052063_C_T_b38","rs56279140","0.000014","0.21","Brain - Anterior qcingulate cortex (BA24)"
"ENSG00000159216.19","RUNX1","chr21_36052818_C_T_b38","rs62230821","0.000014","0.21","Brain - Anterior qcingulate cortex (BA24)"
"ENSG00000159216.19","RUNX1","chr21_36037537_G_A_b38","rs56249518","0.000014","0.21","Brain - Anterior qcingulate cortex (BA24)"
"ENSG00000159216.19","RUNX1","chr21_36047280_C_T_b38","rs12483151","0.000014","0.21","Brain - Anterior qcingulate cortex (BA24)"
"ENSG00000159216.19","RUNX1","chr21_36049574_T_C_b38","rs11088331","0.000014","0.21","Brain - Anterior qcingulate cortex (BA24)"
"ENSG00000159216.19","RUNX1","chr21_36053004_T_C_b38","rs2835259","0.000014","0.21","Brain - Anterior qcingulate cortex (BA24)"
"ENSG00000159216.19","RUNX1","chr21_36057947_G_A_b38","rs2835263","0.000014","0.21","Brain - Anterior qcingulate cortex (BA24)"
"ENSG00000159216.19","RUNX1","chr21_36988980_C_T_b38","rs73198004","0.000014","0.17","Brain - Hippocampus"
"ENSG00000159216.19","RUNX1","chr21_36091656_C_CTT_b38","","0.000014","0.21","Brain - Anterior qcingulate cortex (BA24)"
"ENSG00000159216.19","RUNX1","chr21_35513779_T_C_b38","rs7276256","0.000015","0.69","Brain - Frontal Cortex (BA9)"
"ENSG00000159216.19","RUNX1","chr21_36031134_C_T_b38","rs62230813","0.000016","0.20","Brain - Anterior qcingulate cortex (BA24)"
"ENSG00000159216.19","RUNX1","chr21_36039082_T_G_b38","rs2835241","0.000017","0.21","Brain - Anterior qcingulate cortex (BA24)"
"ENSG00000159216.19","RUNX1","chr21_36078285_T_C_b38","rs2835270","0.000018","0.19","Brain - Anterior qcingulate cortex (BA24)"
"ENSG00000159216.19","RUNX1","chr21_36005387_G_A_b38","rs61737686","0.000022","0.27","Brain - Nucleus accumbens (basal ganglia)"
"ENSG00000159216.19","RUNX1","chr21_36077912_A_G_b38","rs7278930","0.000022","0.19","Brain - Anterior qcingulate cortex (BA24)"
"ENSG00000159216.19","RUNX1","chr21_35124846_A_C_b38","rs13050368","0.000023","0.19","Colon - Transverse"
"ENSG00000159216.19","RUNX1","chr21_35245286_C_G_b38","rs546404415","0.000027","0.50","Artery - Coronary"
"ENSG00000159216.19","RUNX1","chr21_35245668_T_C_b38","rs76444546","0.000027","0.50","Artery - Coronary"
"ENSG00000159216.19","RUNX1","chr21_36106819_G_A_b38","rs112864132","0.000027","0.43","Brain - Hippocampus"
"ENSG00000159216.19","RUNX1","chr21_36328128_C_T_b38","rs112772277","0.000034","-0.73","Brain - Hippocampus"
"ENSG00000159216.19","RUNX1","chr21_36314110_C_T_b38","rs59261999","0.000034","-0.73","Brain - Hippocampus"
"ENSG00000159216.19","RUNX1","chr21_36316377_A_T_b38","rs113416360","0.000034","-0.73","Brain - Hippocampus"
"ENSG00000159216.19","RUNX1","chr21_36320465_A_G_b38","rs114616117","0.000034","-0.73","Brain - Hippocampus"
"ENSG00000159216.19","RUNX1","chr21_36321846_C_T_b38","rs11909757","0.000034","-0.73","Brain - Hippocampus"
"ENSG00000159216.19","RUNX1","chr21_36325915_T_C_b38","rs11910447","0.000034","-0.73","Brain - Hippocampus"
"ENSG00000159216.19","RUNX1","chr21_36328577_T_C_b38","rs73381587","0.000034","-0.73","Brain - Hippocampus"
"ENSG00000159216.19","RUNX1","chr21_36329408_T_C_b38","rs73381588","0.000034","-0.73","Brain - Hippocampus"
"ENSG00000159216.19","RUNX1","chr21_36351017_A_G_b38","rs73381599","0.000034","-0.73","Brain - Hippocampus"
"ENSG00000159216.19","RUNX1","chr21_36354509_T_TA_b38","rs148719630","0.000034","-0.73","Brain - Hippocampus"
"ENSG00000159216.19","RUNX1","chr21_36354511_G_T_b38","rs551183358","0.000034","-0.73","Brain - Hippocampus"
"ENSG00000159216.19","RUNX1","chr21_36354710_C_T_b38","rs73383707","0.000034","-0.73","Brain - Hippocampus"
"ENSG00000159216.19","RUNX1","chr21_36363046_C_T_b38","rs73383713","0.000034","-0.73","Brain - Hippocampus"
"ENSG00000159216.19","RUNX1","chr21_36368450_T_C_b38","rs73383714","0.000034","-0.73","Brain - Hippocampus"
"ENSG00000159216.19","RUNX1","chr21_36370824_A_G_b38","rs113346422","0.000034","-0.73","Brain - Hippocampus"
"ENSG00000159216.19","RUNX1","chr21_36371629_A_G_b38","rs73383719","0.000034","-0.73","Brain - Hippocampus"
"ENSG00000159216.19","RUNX1","chr21_36326817_G_T_b38","rs185486871","0.000035","-0.73","Brain - Hippocampus"
"ENSG00000159216.19","RUNX1","chr21_36243132_G_A_b38","rs148249540","0.000036","-0.22","Skin - Sun Exposed (Lower leg)"
"ENSG00000159216.19","RUNX1","chr21_36271747_G_A_b38","rs80131701","0.000037","-0.61","Brain - Frontal Cortex (BA9)"
"ENSG00000159216.19","RUNX1","chr21_36048751_CTT_C_b38","rs3087192","0.000037","0.21","Brain - Anterior qcingulate cortex (BA24)"
"ENSG00000159216.19","RUNX1","chr21_35968103_T_A_b38","rs2409736","0.000037","-0.21","Brain - Anterior qcingulate cortex (BA24)"
"ENSG00000159216.19","RUNX1","chr21_36600080_T_G_b38","rs62222787","0.000039","-0.18","Artery - Tibial"
"ENSG00000159216.19","RUNX1","chr21_36095680_A_G_b38","rs2850074","0.000040","0.18","Brain - Nucleus accumbens (basal ganglia)"
"ENSG00000159216.19","RUNX1","chr21_36331039_G_A_b38","rs11910005","0.000040","-0.68","Brain - Hippocampus"
"ENSG00000159216.19","RUNX1","chr21_36333196_C_T_b38","rs11911904","0.000040","-0.68","Brain - Hippocampus"
"ENSG00000159216.19","RUNX1","chr21_36333318_T_C_b38","rs11909470","0.000040","-0.68","Brain - Hippocampus"
"ENSG00000159216.19","RUNX1","chr21_36370516_T_G_b38","rs73383715","0.000040","-0.68","Brain - Hippocampus"
"ENSG00000159216.19","RUNX1","chr21_36986382_G_C_b38","rs58296537","0.000042","0.16","Brain - Hippocampus"
"ENSG00000159216.19","RUNX1","chr21_36987341_A_G_b38","rs73196100","0.000042","0.16","Brain - Hippocampus"
"ENSG00000159216.19","RUNX1","chr21_36990070_T_C_b38","rs75936844","0.000042","0.16","Brain - Hippocampus"
"ENSG00000159216.19","RUNX1","chr21_36990132_T_C_b38","rs117552123","0.000042","0.16","Brain - Hippocampus"
"ENSG00000159216.19","RUNX1","chr21_36990170_A_G_b38","rs117476389","0.000042","0.16","Brain - Hippocampus"
"ENSG00000159216.19","RUNX1","chr21_36990231_T_C_b38","rs117138955","0.000042","0.16","Brain - Hippocampus"
"ENSG00000159216.19","RUNX1","chr21_36986394_T_C_b38","rs57564744","0.000042","0.16","Brain - Hippocampus"
"ENSG00000159216.19","RUNX1","chr21_36988075_T_A_b38","rs55776054","0.000042","0.16","Brain - Hippocampus"
"ENSG00000159216.19","RUNX1","chr21_36989662_G_A_b38","rs57382770","0.000042","0.16","Brain - Hippocampus"
"ENSG00000159216.19","RUNX1","chr21_36990119_A_G_b38","rs114723103","0.000042","0.16","Brain - Hippocampus"
"ENSG00000159216.19","RUNX1","chr21_36990236_T_C_b38","rs118091633","0.000042","0.16","Brain - Hippocampus"
"ENSG00000159216.19","RUNX1","chr21_36064925_C_T_b38","rs11702262","0.000049","0.18","Brain - Anterior qcingulate cortex (BA24)"
"ENSG00000159216.19","RUNX1","chr21_36992393_T_C_b38","rs55742370","0.000049","0.15","Brain - Hippocampus"
"ENSG00000159216.19","RUNX1","chr21_35967968_A_T_b38","rs2850067","0.000050","-0.20","Brain - Anterior qcingulate cortex (BA24)"
"ENSG00000159216.19","RUNX1","chr21_35942944_C_T_b38","rs75201497","0.000050","0.28","Brain - Nucleus accumbens (basal ganglia)"
"ENSG00000159216.19","RUNX1","chr21_35968177_A_T_b38","rs2409737","0.000053","-0.20","Brain - Anterior qcingulate cortex (BA24)"
"ENSG00000159216.19","RUNX1","chr21_35968663_A_G_b38","rs2156403","0.000053","-0.20","Brain - Anterior qcingulate cortex (BA24)"
"ENSG00000159216.19","RUNX1","chr21_35273966_T_C_b38","rs75188160","0.000059","-0.35","Cells - Cultured fibroblasts"
"ENSG00000159216.19","RUNX1","chr21_35968269_G_A_b38","rs2409738","0.000060","-0.20","Brain - Anterior qcingulate cortex (BA24)"
"ENSG00000159216.19","RUNX1","chr21_35968319_A_C_b38","rs2255886","0.000060","-0.20","Brain - Anterior qcingulate cortex (BA24)"
"ENSG00000159216.19","RUNX1","chr21_35968452_A_G_b38","rs2845734","0.000060","-0.20","Brain - Anterior qcingulate cortex (BA24)"
"ENSG00000159216.19","RUNX1","chr21_35128650_T_C_b38","rs7278019","0.000061","0.18","Colon - Transverse"
"ENSG00000159216.19","RUNX1","chr21_36057804_T_G_b38","rs12483417","0.000061","0.22","Brain - Nucleus accumbens (basal ganglia)"
"ENSG00000159216.19","RUNX1","chr21_35969982_T_A_b38","rs8128314","0.000065","0.23","Brain - Nucleus accumbens (basal ganglia)"
"ENSG00000159216.19","RUNX1","chr21_36954164_G_A_b38","rs6517396","0.000069","0.82","Brain - Frontal Cortex (BA9)"
"ENSG00000159216.19","RUNX1","chr21_36675441_C_A_b38","rs59834263","0.00015","-0.21","Skin - Sun Exposed (Lower leg)"
"ENSG00000159216.19","RUNX1","chr21_36607591_C_A_b38","rs1108700","0.00016","-0.15","Artery - Tibial"
"ENSG00000159216.19","RUNX1","chr21_36676006_G_A_b38","rs2835429","0.00022","-0.21","Skin - Sun Exposed (Lower leg)"