"Gencode Id","Gene Symbol","Variant Id","SNP Id","P-Value","NES","Tissue"
"ENSG00000184937.16","WT1","chr11_32427940_C_T_b38","rs1799933","3.3e-7","-0.31","Esophagus - Muscularis"
"ENSG00000184937.16","WT1","chr11_32259787_G_A_b38","rs11031671","0.0000018","0.14","Adipose - Visceral (Omentum)"
"ENSG00000184937.16","WT1","chr11_32260561_A_G_b38","rs11031672","0.0000018","0.14","Adipose - Visceral (Omentum)"
"ENSG00000184937.16","WT1","chr11_32262490_T_C_b38","rs11031673","0.0000018","0.14","Adipose - Visceral (Omentum)"
"ENSG00000184937.16","WT1","chr11_32401178_G_T_b38","rs5030255","0.0000026","0.35","Brain - Nucleus accumbens (basal ganglia)"
"ENSG00000184937.16","WT1","chr11_32264672_T_C_b38","rs7481082","0.0000028","0.14","Adipose - Visceral (Omentum)"
"ENSG00000184937.16","WT1","chr11_32418492_A_C_b38","rs5030194","0.0000038","0.33","Brain - Nucleus accumbens (basal ganglia)"
"ENSG00000184937.16","WT1","chr11_32426318_G_T_b38","rs5030185","0.0000040","-0.28","Esophagus - Muscularis"
"ENSG00000184937.16","WT1","chr11_32436129_A_G_b38","rs2301254","0.0000042","-0.21","Esophagus - Muscularis"
"ENSG00000184937.16","WT1","chr11_32436381_C_A_b38","rs2301252","0.0000042","-0.21","Esophagus - Muscularis"
"ENSG00000184937.16","WT1","chr11_32436439_G_T_b38","rs2301251","0.0000042","-0.21","Esophagus - Muscularis"
"ENSG00000184937.16","WT1","chr11_32436673_G_A_b38","rs2301250","0.0000042","-0.21","Esophagus - Muscularis"
"ENSG00000184937.16","WT1","chr11_32436228_G_A_b38","rs2301253","0.0000042","-0.21","Esophagus - Muscularis"
"ENSG00000184937.16","WT1","chr11_32436961_G_A_b38","rs3886325","0.0000042","-0.21","Esophagus - Muscularis"
"ENSG00000184937.16","WT1","chr11_32267311_T_C_b38","rs12225122","0.0000047","0.13","Adipose - Visceral (Omentum)"
"ENSG00000184937.16","WT1","chr11_32424589_G_C_b38","rs4258351","0.0000049","-0.26","Esophagus - Muscularis"
"ENSG00000184937.16","WT1","chr11_32413355_G_A_b38","rs16923260","0.0000065","-0.41","Esophagus - Muscularis"
"ENSG00000184937.16","WT1","chr11_32521493_C_T_b38","rs10835936","0.0000067","-0.10","Adipose - Visceral (Omentum)"
"ENSG00000184937.16","WT1","chr11_32433981_C_A_b38","rs3930513","0.0000082","-0.21","Esophagus - Muscularis"
"ENSG00000184937.16","WT1","chr11_32435592_A_G_b38","rs2234580","0.0000082","-0.21","Esophagus - Muscularis"
"ENSG00000184937.16","WT1","chr11_32436732_G_GTGT_b38","rs3070769","0.0000082","-0.21","Esophagus - Muscularis"
"ENSG00000184937.16","WT1","chr11_32453938_G_A_b38","rs41488548","0.0000090","-0.36","Esophagus - Muscularis"
"ENSG00000184937.16","WT1","chr11_32453551_G_T_b38","rs79240149","0.0000096","-0.36","Esophagus - Muscularis"
"ENSG00000184937.16","WT1","chr11_32445176_G_A_b38","rs72905054","0.000010","-0.36","Esophagus - Muscularis"
"ENSG00000184937.16","WT1","chr11_32407550_C_T_b38","rs79026725","0.000010","-0.40","Esophagus - Muscularis"
"ENSG00000184937.16","WT1","chr11_32411901_T_C_b38","rs5030228","0.000010","-0.40","Esophagus - Muscularis"
"ENSG00000184937.16","WT1","chr11_32411998_G_C_b38","rs16923250","0.000010","-0.40","Esophagus - Muscularis"
"ENSG00000184937.16","WT1","chr11_32415643_G_A_b38","rs5030219","0.000011","0.33","Brain - Nucleus accumbens (basal ganglia)"
"ENSG00000184937.16","WT1","chr11_32416356_G_A_b38","rs2234588","0.000011","0.33","Brain - Nucleus accumbens (basal ganglia)"
"ENSG00000184937.16","WT1","chr11_32418334_G_A_b38","rs5030195","0.000011","0.33","Brain - Nucleus accumbens (basal ganglia)"
"ENSG00000184937.16","WT1","chr11_32425801_C_G_b38","rs7110547","0.000012","-0.20","Esophagus - Muscularis"
"ENSG00000184937.16","WT1","chr11_32449132_C_T_b38","rs72905067","0.000013","-0.38","Esophagus - Muscularis"
"ENSG00000184937.16","WT1","chr11_32482908_G_A_b38","","0.000015","-0.35","Esophagus - Muscularis"
"ENSG00000184937.16","WT1","chr11_32416356_G_A_b38","rs2234588","0.000016","-0.40","Esophagus - Muscularis"
"ENSG00000184937.16","WT1","chr11_32418334_G_A_b38","rs5030195","0.000016","-0.40","Esophagus - Muscularis"
"ENSG00000184937.16","WT1","chr11_32425328_GA_G_b38","rs11309547","0.000017","-0.26","Esophagus - Muscularis"
"ENSG00000184937.16","WT1","chr11_32486139_C_G_b38","rs17676359","0.000018","-0.35","Esophagus - Muscularis"
"ENSG00000184937.16","WT1","chr11_32486179_G_T_b38","rs72908919","0.000018","-0.35","Esophagus - Muscularis"
"ENSG00000184937.16","WT1","chr11_32486832_C_T_b38","rs118139246","0.000018","-0.35","Esophagus - Muscularis"
"ENSG00000184937.16","WT1","chr11_32486857_A_G_b38","rs145146348","0.000018","-0.35","Esophagus - Muscularis"
"ENSG00000184937.16","WT1","chr11_32484154_A_G_b38","rs113196613","0.000019","-0.35","Esophagus - Muscularis"
"ENSG00000184937.16","WT1","chr11_32463132_G_T_b38","rs112991400","0.000019","-0.34","Esophagus - Muscularis"
"ENSG00000184937.16","WT1","chr11_32465369_T_G_b38","rs72906960","0.000019","-0.34","Esophagus - Muscularis"
"ENSG00000184937.16","WT1","chr11_32465427_C_T_b38","rs72906965","0.000019","-0.34","Esophagus - Muscularis"
"ENSG00000184937.16","WT1","chr11_32470602_C_T_b38","rs149230760","0.000019","-0.34","Esophagus - Muscularis"
"ENSG00000184937.16","WT1","chr11_32470700_C_T_b38","rs113177223","0.000019","-0.34","Esophagus - Muscularis"
"ENSG00000184937.16","WT1","chr11_32474680_G_A_b38","rs72906981","0.000019","-0.34","Esophagus - Muscularis"
"ENSG00000184937.16","WT1","chr11_32475672_A_C_b38","rs7482130","0.000019","-0.34","Esophagus - Muscularis"
"ENSG00000184937.16","WT1","chr11_32475797_G_A_b38","","0.000019","-0.34","Esophagus - Muscularis"
"ENSG00000184937.16","WT1","chr11_32476620_A_T_b38","","0.000019","-0.34","Esophagus - Muscularis"
"ENSG00000184937.16","WT1","chr11_32478778_C_T_b38","","0.000019","-0.34","Esophagus - Muscularis"
"ENSG00000184937.16","WT1","chr11_32441149_C_A_b38","rs72893553","0.000020","-0.35","Esophagus - Muscularis"
"ENSG00000184937.16","WT1","chr11_32441327_A_C_b38","rs72893557","0.000020","-0.35","Esophagus - Muscularis"
"ENSG00000184937.16","WT1","chr11_32442557_A_G_b38","rs72905043","0.000020","-0.35","Esophagus - Muscularis"
"ENSG00000184937.16","WT1","chr11_32480037_C_T_b38","","0.000021","-0.34","Esophagus - Muscularis"
"ENSG00000184937.16","WT1","chr11_32482020_G_A_b38","","0.000021","-0.34","Esophagus - Muscularis"
"ENSG00000184937.16","WT1","chr11_32482095_G_A_b38","","0.000021","-0.34","Esophagus - Muscularis"
"ENSG00000184937.16","WT1","chr11_32482541_A_G_b38","","0.000021","-0.34","Esophagus - Muscularis"
"ENSG00000184937.16","WT1","chr11_32483203_G_A_b38","","0.000021","-0.34","Esophagus - Muscularis"
"ENSG00000184937.16","WT1","chr11_32483211_A_C_b38","","0.000021","-0.34","Esophagus - Muscularis"
"ENSG00000184937.16","WT1","chr11_32483390_A_G_b38","","0.000021","-0.34","Esophagus - Muscularis"
"ENSG00000184937.16","WT1","chr11_32483473_T_C_b38","","0.000021","-0.34","Esophagus - Muscularis"
"ENSG00000184937.16","WT1","chr11_32484254_C_T_b38","rs142235603","0.000021","-0.34","Esophagus - Muscularis"
"ENSG00000184937.16","WT1","chr11_32484520_T_G_b38","rs138116386","0.000021","-0.34","Esophagus - Muscularis"
"ENSG00000184937.16","WT1","chr11_32482318_C_T_b38","","0.000021","-0.34","Esophagus - Muscularis"
"ENSG00000184937.16","WT1","chr11_32483267_C_T_b38","","0.000021","-0.34","Esophagus - Muscularis"
"ENSG00000184937.16","WT1","chr11_32483474_G_A_b38","","0.000021","-0.34","Esophagus - Muscularis"
"ENSG00000184937.16","WT1","chr11_32484019_T_C_b38","rs142093129","0.000021","-0.34","Esophagus - Muscularis"
"ENSG00000184937.16","WT1","chr11_32484330_G_A_b38","rs118131900","0.000021","-0.34","Esophagus - Muscularis"
"ENSG00000184937.16","WT1","chr11_32484498_T_G_b38","rs77401391","0.000021","-0.34","Esophagus - Muscularis"
"ENSG00000184937.16","WT1","chr11_32395980_A_C_b38","rs5030278","0.000023","0.28","Brain - Nucleus accumbens (basal ganglia)"
"ENSG00000184937.16","WT1","chr11_32415643_G_A_b38","rs5030219","0.000024","-0.40","Esophagus - Muscularis"
"ENSG00000184937.16","WT1","chr11_32419565_C_T_b38","rs7114908","0.000025","-0.32","Esophagus - Muscularis"
"ENSG00000184937.16","WT1","chr11_32407550_C_T_b38","rs79026725","0.000025","0.32","Brain - Nucleus accumbens (basal ganglia)"
"ENSG00000184937.16","WT1","chr11_32411901_T_C_b38","rs5030228","0.000025","0.32","Brain - Nucleus accumbens (basal ganglia)"
"ENSG00000184937.16","WT1","chr11_32411998_G_C_b38","rs16923250","0.000025","0.32","Brain - Nucleus accumbens (basal ganglia)"
"ENSG00000184937.16","WT1","chr11_32413355_G_A_b38","rs16923260","0.000025","0.32","Brain - Nucleus accumbens (basal ganglia)"
"ENSG00000184937.16","WT1","chr11_32473298_G_A_b38","rs72906975","0.000026","-0.36","Esophagus - Muscularis"
"ENSG00000184937.16","WT1","chr11_32437261_G_T_b38","rs3809060","0.000027","-0.14","Heart - Atrial Appendage"
"ENSG00000184937.16","WT1","chr11_32433981_C_A_b38","rs3930513","0.000029","-0.14","Heart - Atrial Appendage"
"ENSG00000184937.16","WT1","chr11_32435592_A_G_b38","rs2234580","0.000029","-0.14","Heart - Atrial Appendage"
"ENSG00000184937.16","WT1","chr11_32436732_G_GTGT_b38","rs3070769","0.000029","-0.14","Heart - Atrial Appendage"
"ENSG00000184937.16","WT1","chr11_32415764_A_T_b38","rs5030217","0.000029","0.41","Brain - Nucleus accumbens (basal ganglia)"
"ENSG00000184937.16","WT1","chr11_32420922_G_T_b38","rs72909465","0.000029","0.41","Brain - Nucleus accumbens (basal ganglia)"
"ENSG00000184937.16","WT1","chr11_32457516_T_A_b38","rs140522863","0.000030","-0.34","Esophagus - Muscularis"
"ENSG00000184937.16","WT1","chr11_32458304_G_A_b38","rs7948730","0.000030","-0.34","Esophagus - Muscularis"
"ENSG00000184937.16","WT1","chr11_32461494_C_A_b38","rs147711799","0.000030","-0.34","Esophagus - Muscularis"
"ENSG00000184937.16","WT1","chr11_32437519_T_C_b38","rs3809061","0.000034","-0.14","Heart - Atrial Appendage"
"ENSG00000184937.16","WT1","chr11_32437536_G_A_b38","rs3809062","0.000034","-0.14","Heart - Atrial Appendage"
"ENSG00000184937.16","WT1","chr11_32431379_C_G_b38","rs10742277","0.000034","-0.14","Heart - Atrial Appendage"
"ENSG00000184937.16","WT1","chr11_32425801_C_G_b38","rs7110547","0.000040","-0.14","Heart - Atrial Appendage"
"ENSG00000184937.16","WT1","chr11_32436129_A_G_b38","rs2301254","0.000040","-0.14","Heart - Atrial Appendage"
"ENSG00000184937.16","WT1","chr11_32436228_G_A_b38","rs2301253","0.000040","-0.14","Heart - Atrial Appendage"
"ENSG00000184937.16","WT1","chr11_32436381_C_A_b38","rs2301252","0.000040","-0.14","Heart - Atrial Appendage"
"ENSG00000184937.16","WT1","chr11_32436439_G_T_b38","rs2301251","0.000040","-0.14","Heart - Atrial Appendage"
"ENSG00000184937.16","WT1","chr11_32436673_G_A_b38","rs2301250","0.000040","-0.14","Heart - Atrial Appendage"
"ENSG00000184937.16","WT1","chr11_32436961_G_A_b38","rs3886325","0.000040","-0.14","Heart - Atrial Appendage"
"ENSG00000184937.16","WT1","chr11_32429553_T_A_b38","rs3858448","0.000041","-0.19","Esophagus - Muscularis"
"ENSG00000184937.16","WT1","chr11_32430374_T_G_b38","rs66798575","0.000041","-0.19","Esophagus - Muscularis"
"ENSG00000184937.16","WT1","chr11_32492256_TCC_T_b38","rs560368887","0.000042","-0.62","Colon - Sigmoid"
"ENSG00000184937.16","WT1","chr11_32467261_G_A_b38","rs117503461","0.000043","-0.35","Esophagus - Muscularis"
"ENSG00000184937.16","WT1","chr11_32458261_G_A_b38","rs11031796","0.000045","-0.18","Esophagus - Muscularis"
"ENSG00000184937.16","WT1","chr11_32391237_A_AACC_b38","rs5030297","0.000045","0.25","Brain - Caudate (basal ganglia)"
"ENSG00000184937.16","WT1","chr11_32438681_C_T_b38","rs7120686","0.000046","-0.19","Esophagus - Muscularis"
"ENSG00000184937.16","WT1","chr11_32430375_G_C_b38","rs72893517","0.000047","-0.21","Esophagus - Muscularis"
"ENSG00000184937.16","WT1","chr11_32431342_C_T_b38","rs11031779","0.000047","-0.21","Esophagus - Muscularis"
"ENSG00000184937.16","WT1","chr11_32431399_C_G_b38","rs11031780","0.000047","-0.21","Esophagus - Muscularis"
"ENSG00000184937.16","WT1","chr11_32432076_G_A_b38","rs7936152","0.000047","-0.21","Esophagus - Muscularis"
"ENSG00000184937.16","WT1","chr11_32432716_G_A_b38","rs11031781","0.000047","-0.21","Esophagus - Muscularis"
"ENSG00000184937.16","WT1","chr11_32435148_C_A_b38","rs2234582","0.000049","-0.21","Esophagus - Muscularis"
"ENSG00000184937.16","WT1","chr11_32429457_A_G_b38","rs3858447","0.000049","-0.19","Esophagus - Muscularis"
"ENSG00000184937.16","WT1","chr11_32142288_C_T_b38","rs116671922","0.000054","0.74","Lung"
"ENSG00000184937.16","WT1","chr11_32429344_A_G_b38","rs3858446","0.000058","-0.19","Esophagus - Muscularis"
"ENSG00000184937.16","WT1","chr11_32429547_T_G_b38","rs4986811","0.000058","-0.21","Esophagus - Muscularis"
"ENSG00000184937.16","WT1","chr11_32427728_G_C_b38","rs5030172","0.000058","-0.21","Esophagus - Muscularis"
"ENSG00000184937.16","WT1","chr11_32388970_T_C_b38","rs5030315","0.000060","0.25","Brain - Caudate (basal ganglia)"
"ENSG00000184937.16","WT1","chr11_32556664_GT_G_b38","","0.000060","-0.093","Adipose - Visceral (Omentum)"
"ENSG00000184937.16","WT1","chr11_32437682_G_T_b38","rs4140413","0.000060","-0.18","Esophagus - Muscularis"
"ENSG00000184937.16","WT1","chr11_32461081_G_A_b38","rs113397231","0.000060","-0.32","Esophagus - Muscularis"
"ENSG00000184937.16","WT1","chr11_32389554_G_A_b38","rs5030311","0.000062","0.25","Brain - Caudate (basal ganglia)"
"ENSG00000184937.16","WT1","chr11_32437519_T_C_b38","rs3809061","0.000063","-0.18","Esophagus - Muscularis"
"ENSG00000184937.16","WT1","chr11_32437536_G_A_b38","rs3809062","0.000063","-0.18","Esophagus - Muscularis"
"ENSG00000184937.16","WT1","chr11_32427023_A_C_b38","rs5030178","0.000063","-0.19","Esophagus - Muscularis"
"ENSG00000184937.16","WT1","chr11_32467964_G_A_b38","rs61325628","0.000066","-0.31","Esophagus - Muscularis"
"ENSG00000184937.16","WT1","chr11_32388456_T_C_b38","rs5030320","0.000066","-0.20","Esophagus - Muscularis"
"ENSG00000184937.16","WT1","chr11_32401178_G_T_b38","rs5030255","0.000072","0.29","Brain - Caudate (basal ganglia)"
"ENSG00000184937.16","WT1","chr11_32426709_T_C_b38","rs5030179","0.000076","-0.18","Esophagus - Muscularis"
"ENSG00000184937.16","WT1","chr11_32562476_T_C_b38","rs169324","0.000078","-0.090","Adipose - Visceral (Omentum)"
"ENSG00000184937.16","WT1","chr11_32427349_C_G_b38","rs5030176","0.000080","-0.18","Esophagus - Muscularis"
"ENSG00000184937.16","WT1","chr11_32392787_G_T_b38","rs2234593","0.000080","0.26","Brain - Nucleus accumbens (basal ganglia)"
"ENSG00000184937.16","WT1","chr11_32418492_A_C_b38","rs5030194","0.000080","-0.34","Esophagus - Muscularis"
"ENSG00000184937.16","WT1","chr11_32495371_G_A_b38","rs11031820","0.000080","-0.18","Esophagus - Muscularis"
"ENSG00000184937.16","WT1","chr11_32437682_G_T_b38","rs4140413","0.000085","-0.14","Heart - Atrial Appendage"
"ENSG00000184937.16","WT1","chr11_32383249_G_C_b38","rs6484574","0.000086","-0.20","Esophagus - Muscularis"
"ENSG00000184937.16","WT1","chr11_32467964_G_A_b38","rs61325628","0.000086","0.28","Brain - Nucleus accumbens (basal ganglia)"
"ENSG00000184937.16","WT1","chr11_32564794_C_CT_b38","rs370123876","0.000089","-0.088","Adipose - Visceral (Omentum)"
"ENSG00000184937.16","WT1","chr11_32429344_A_G_b38","rs3858446","0.000091","-0.13","Heart - Atrial Appendage"
"ENSG00000184937.16","WT1","chr11_32429457_A_G_b38","rs3858447","0.000091","-0.13","Heart - Atrial Appendage"
"ENSG00000184937.16","WT1","chr11_32429553_T_A_b38","rs3858448","0.000091","-0.13","Heart - Atrial Appendage"
"ENSG00000184937.16","WT1","chr11_32430374_T_G_b38","rs66798575","0.000091","-0.13","Heart - Atrial Appendage"
"ENSG00000184937.16","WT1","chr11_32427023_A_C_b38","rs5030178","0.000092","-0.13","Heart - Atrial Appendage"
"ENSG00000184937.16","WT1","chr11_32142719_G_C_b38","rs4512792","0.000093","0.74","Lung"
"ENSG00000184937.16","WT1","chr11_32045906_A_G_b38","rs149644237","0.000098","0.84","Brain - Nucleus accumbens (basal ganglia)"
"ENSG00000184937.16","WT1","chr11_32444888_A_G_b38","rs112305606","0.00010","-0.17","Heart - Atrial Appendage"
"ENSG00000184937.16","WT1","chr11_32457420_G_A_b38","rs7126322","0.00011","-0.17","Esophagus - Muscularis"
"ENSG00000184937.16","WT1","chr11_32380039_A_G_b38","rs10767933","0.00011","-0.19","Esophagus - Muscularis"
"ENSG00000184937.16","WT1","chr11_32276958_C_T_b38","rs727478","0.00011","-0.086","Adipose - Visceral (Omentum)"
"ENSG00000184937.16","WT1","chr11_32427349_C_G_b38","rs5030176","0.00012","-0.13","Heart - Atrial Appendage"
"ENSG00000184937.16","WT1","chr11_32437261_G_T_b38","rs3809060","0.00012","-0.17","Esophagus - Muscularis"
"ENSG00000184937.16","WT1","chr11_32386652_T_TA_b38","rs60483306","0.00012","-0.19","Esophagus - Muscularis"
"ENSG00000184937.16","WT1","chr11_32264283_G_A_b38","rs114002404","0.00012","0.65","Brain - Caudate (basal ganglia)"
"ENSG00000184937.16","WT1","chr11_32401178_G_T_b38","rs5030255","0.00012","-0.34","Esophagus - Muscularis"
"ENSG00000184937.16","WT1","chr11_32514727_T_G_b38","rs12291011","0.00013","-0.085","Adipose - Visceral (Omentum)"
"ENSG00000184937.16","WT1","chr11_32426709_T_C_b38","rs5030179","0.00013","-0.13","Heart - Atrial Appendage"
"ENSG00000184937.16","WT1","chr11_32869397_C_T_b38","rs12281173","0.00013","1.6","Brain - Caudate (basal ganglia)"
"ENSG00000184937.16","WT1","chr11_32850797_C_A_b38","rs112588398","0.00013","1.6","Brain - Caudate (basal ganglia)"
"ENSG00000184937.16","WT1","chr11_32876152_C_G_b38","rs12284266","0.00013","1.6","Brain - Caudate (basal ganglia)"
"ENSG00000184937.16","WT1","chr11_32444758_A_G_b38","rs4304749","0.00014","-0.13","Heart - Atrial Appendage"
"ENSG00000184937.16","WT1","chr11_32446001_T_G_b38","rs10835911","0.00014","-0.13","Heart - Atrial Appendage"
"ENSG00000184937.16","WT1","chr11_32485387_A_G_b38","rs17749003","0.00014","-0.30","Esophagus - Muscularis"
"ENSG00000184937.16","WT1","chr11_32420922_G_T_b38","rs72909465","0.00014","-0.48","Esophagus - Muscularis"
"ENSG00000184937.16","WT1","chr11_32062826_G_A_b38","rs73479428","0.00014","-0.89","Brain - Caudate (basal ganglia)"
"ENSG00000184937.16","WT1","chr11_32407550_C_T_b38","rs79026725","0.00015","0.28","Brain - Caudate (basal ganglia)"
"ENSG00000184937.16","WT1","chr11_32411901_T_C_b38","rs5030228","0.00015","0.28","Brain - Caudate (basal ganglia)"
"ENSG00000184937.16","WT1","chr11_32411998_G_C_b38","rs16923250","0.00015","0.28","Brain - Caudate (basal ganglia)"
"ENSG00000184937.16","WT1","chr11_32413355_G_A_b38","rs16923260","0.00015","0.28","Brain - Caudate (basal ganglia)"
"ENSG00000184937.16","WT1","chr11_32393983_C_T_b38","rs73473736","0.00015","0.24","Brain - Caudate (basal ganglia)"
"ENSG00000184937.16","WT1","chr11_32384595_A_G_b38","rs6484576","0.00015","-0.19","Esophagus - Muscularis"
"ENSG00000184937.16","WT1","chr11_32441030_A_G_b38","rs4275604","0.00015","-0.13","Heart - Atrial Appendage"
"ENSG00000184937.16","WT1","chr11_32441559_C_T_b38","rs7103000","0.00015","-0.13","Heart - Atrial Appendage"
"ENSG00000184937.16","WT1","chr11_32392787_G_T_b38","rs2234593","0.00016","0.24","Brain - Caudate (basal ganglia)"
"ENSG00000184937.16","WT1","chr11_32377654_C_T_b38","rs10835893","0.00017","-0.18","Esophagus - Muscularis"
"ENSG00000184937.16","WT1","chr11_32384490_G_C_b38","rs6484575","0.00017","-0.18","Esophagus - Muscularis"
"ENSG00000184937.16","WT1","chr11_32447713_T_A_b38","rs12270749","0.00017","-0.17","Esophagus - Muscularis"
"ENSG00000184937.16","WT1","chr11_32370705_A_G_b38","rs6484573","0.00018","-0.18","Esophagus - Muscularis"
"ENSG00000184937.16","WT1","chr11_32448757_T_C_b38","rs10835912","0.00018","-0.17","Esophagus - Muscularis"
"ENSG00000184937.16","WT1","chr11_32448758_G_A_b38","rs12292135","0.00018","-0.17","Esophagus - Muscularis"
"ENSG00000184937.16","WT1","chr11_32273904_G_A_b38","rs2900665","0.00018","-0.083","Adipose - Visceral (Omentum)"
"ENSG00000184937.16","WT1","chr11_32379490_C_A_b38","rs7946388","0.00018","-0.20","Esophagus - Muscularis"
"ENSG00000184937.16","WT1","chr11_32422601_G_A_b38","rs2900741","0.00018","-0.18","Esophagus - Muscularis"
"ENSG00000184937.16","WT1","chr11_32422829_T_C_b38","rs11031775","0.00018","-0.18","Esophagus - Muscularis"
"ENSG00000184937.16","WT1","chr11_32422474_A_G_b38","rs2418910","0.00020","-0.18","Esophagus - Muscularis"
"ENSG00000184937.16","WT1","chr11_32482869_T_TTGTG_b38","","0.00020","-0.37","Esophagus - Muscularis"
"ENSG00000184937.16","WT1","chr11_32415764_A_T_b38","rs5030217","0.00023","-0.47","Esophagus - Muscularis"
"ENSG00000184937.16","WT1","chr11_32388791_C_G_b38","rs5030317","0.00024","-0.19","Esophagus - Muscularis"